kabupaten|kategori|kualifikasi|hps|tahun|tahapan|klpd|lpse|detail_tender
Kabupaten Sleman|Pengadaan Barang|Kecil|Rp 640.194.000|2018|{'pengumuman_pascakualifikasi': {'mulai': '3 Sep 2018', 'akhir': '10 Sep 2018'}, 'download_dokumen_pengadaan': {'mulai': '3 Sep 2018', 'akhir': '12 Sep 2018'}, 'pemberian_penjelasan': {'mulai': '5 Sep 2018', 'akhir': '5 Sep 2018'}, 'upload_dokumen_penawaran': {'mulai': '5 Sep 2018', 'akhir': '13 Sep 2018'}, 'pembukaan_dokumen_penawaran': {'mulai': '13 Sep 2018', 'akhir': '20 Sep 2018'}, 'tidak_ada_jadwal': {'mulai': None, 'akhir': None}, 'pembuktian_kualifikasi': {'mulai': '19 Sep 2018', 'akhir': '20 Sep 2018'}, 'penetapan_pemenang': {'mulai': '20 Sep 2018', 'akhir': '20 Sep 2018'}, 'pengumuman_pemenang': {'mulai': '20 Sep 2018', 'akhir': '20 Sep 2018'}, 'masa_sanggah_hasil_lelang': {'mulai': '20 Sep 2018', 'akhir': '25 Sep 2018'}, 'surat_penunjukan_penyedia_barangjasa': {'mulai': '26 Sep 2018', 'akhir': '27 Sep 2018'}, 'penandatanganan_kontrak': {'mulai': '27 Sep 2018', 'akhir': '17 Okt 2018'}}|||{'nama_tender': 'Pengadaan Bahan dan material paket 3', 'nilai_HPS': 'Rp 640.194.000', 'nilai_pagu': 'Rp 643.966.900', 'Instansi': 'Kabupaten Sleman', 'kualifikasi_usaha': 'Kecil', 'kategori': 'Pengadaan Barang', 'metode_tender': 'Pasca Satu File', 'tahun_anggaran': '2018', 'metode_evaluasi': 'Sistem Gugur', 'lokasi_pengerjaan': 'Kecamatan Sleman-Sleman (Kab.)-DI Yogyakarta', 'satuan_kerja': 'DINAS PEKERJAAN UMUM PERUMAHAN DAN KAWASAN PEMUKIMAN'}
Kabupaten Sleman|Pengadaan Barang|Kecil|Rp 395.652.000|2018|{'pengumuman_pascakualifikasi': {'mulai': '16 Mei 2018', 'akhir': '23 Mei 2018'}, 'download_dokumen_pengadaan': {'mulai': '16 Mei 2018', 'akhir': '23 Mei 2018'}, 'pemberian_penjelasan': {'mulai': '18 Mei 2018', 'akhir': '18 Mei 2018'}, 'upload_dokumen_penawaran': {'mulai': '19 Mei 2018', 'akhir': '24 Mei 2018'}, 'pembukaan_dokumen_penawaran': {'mulai': '24 Mei 2018', 'akhir': '28 Mei 2018'}, 'tidak_ada_jadwal': {'mulai': None, 'akhir': None}, 'pembuktian_kualifikasi': {'mulai': '25 Mei 2018', 'akhir': '28 Mei 2018'}, 'penetapan_pemenang': {'mulai': '28 Mei 2018', 'akhir': '31 Mei 2018'}, 'pengumuman_pemenang': {'mulai': '28 Mei 2018', 'akhir': '31 Mei 2018'}, 'masa_sanggah_hasil_lelang': {'mulai': '31 Mei 2018', 'akhir': '4 Jun 2018'}, 'surat_penunjukan_penyedia_barangjasa': {'mulai': '4 Jun 2018', 'akhir': '5 Jun 2018'}, 'penandatanganan_kontrak': {'mulai': '6 Jun 2018', 'akhir': '20 Jun 2018'}}|||{'nama_tender': 'Pengadaan rambu lalu lintas dan RPPJ', 'nilai_HPS': 'Rp 395.652.000', 'nilai_pagu': 'Rp 398.000.000', 'Instansi': 'Kabupaten Sleman', 'kualifikasi_usaha': 'Kecil', 'kategori': 'Pengadaan Barang', 'metode_tender': 'Pasca Satu File', 'tahun_anggaran': '2018', 'metode_evaluasi': 'Sistem Gugur', 'lokasi_pengerjaan': 'Kabupaten Sleman-Sleman (Kab.)-DI Yogyakarta', 'satuan_kerja': 'DINAS PERHUBUNGAN'}
Kabupaten Sleman|Pengadaan Barang|Kecil|Rp 217.888.000|2018|{'pengumuman_pascakualifikasi': {'mulai': '16 Mei 2018', 'akhir': '24 Mei 2018'}, 'download_dokumen_pengadaan': {'mulai': '16 Mei 2018', 'akhir': '24 Mei 2018'}, 'pemberian_penjelasan': {'mulai': '18 Mei 2018', 'akhir': '18 Mei 2018'}, 'upload_dokumen_penawaran': {'mulai': '18 Mei 2018', 'akhir': '24 Mei 2018'}, 'pembukaan_dokumen_penawaran': {'mulai': '24 Mei 2018', 'akhir': '31 Mei 2018'}, 'tidak_ada_jadwal': {'mulai': None, 'akhir': None}, 'pembuktian_kualifikasi': {'mulai': '30 Mei 2018', 'akhir': '31 Mei 2018'}, 'penetapan_pemenang': {'mulai': '31 Mei 2018', 'akhir': '31 Mei 2018'}, 'pengumuman_pemenang': {'mulai': '31 Mei 2018', 'akhir': '31 Mei 2018'}, 'masa_sanggah_hasil_lelang': {'mulai': '1 Jun 2018', 'akhir': '4 Jun 2018'}, 'surat_penunjukan_penyedia_barangjasa': {'mulai': '4 Jun 2018', 'akhir': '5 Jun 2018'}, 'penandatanganan_kontrak': {'mulai': '5 Jun 2018', 'akhir': '18 Jun 2018'}}|||{'nama_tender': 'Pengadaan Armatur, Fotosel dan Kontaktor', 'nilai_HPS': 'Rp 217.888.000', 'nilai_pagu': 'Rp 218.271.000', 'Instansi': 'Kabupaten Sleman', 'kualifikasi_usaha': 'Kecil', 'kategori': 'Pengadaan Barang', 'metode_tender': 'Pasca Satu File', 'tahun_anggaran': '2018', 'metode_evaluasi': 'Sistem Gugur', 'lokasi_pengerjaan': 'Dinas Perhubungan Kab. Sleman-Sleman (Kab.)-DI Yogyakarta', 'satuan_kerja': 'DINAS PERHUBUNGAN'}
Kabupaten Sleman|Pekerjaan Konstruksi|Kecil|Rp 539.137.000|2018|{'pengumuman_pascakualifikasi': {'mulai': '18 Mei 2018', 'akhir': '27 Mei 2018'}, 'download_dokumen_pengadaan': {'mulai': '18 Mei 2018', 'akhir': '27 Mei 2018'}, 'pemberian_penjelasan': {'mulai': '21 Mei 2018', 'akhir': '21 Mei 2018'}, 'upload_dokumen_penawaran': {'mulai': '22 Mei 2018', 'akhir': '28 Mei 2018'}, 'pembukaan_dokumen_penawaran': {'mulai': '28 Mei 2018', 'akhir': '5 Jun 2018'}, 'tidak_ada_jadwal': {'mulai': None, 'akhir': None}, 'pembuktian_kualifikasi': {'mulai': '4 Jun 2018', 'akhir': '5 Jun 2018'}, 'penetapan_pemenang': {'mulai': '5 Jun 2018', 'akhir': '5 Jun 2018'}, 'pengumuman_pemenang': {'mulai': '5 Jun 2018', 'akhir': '5 Jun 2018'}, 'masa_sanggah_hasil_lelang': {'mulai': '5 Jun 2018', 'akhir': '8 Jun 2018'}, 'surat_penunjukan_penyedia_barangjasa': {'mulai': '21 Jun 2018', 'akhir': '22 Jun 2018'}, 'penandatanganan_kontrak': {'mulai': '22 Jun 2018', 'akhir': '5 Jul 2018'}}|||{'nama_tender': 'Pengadaan pagar pengaman jalan.', 'nilai_HPS': 'Rp 539.137.000', 'nilai_pagu': 'Rp 625.000.000', 'Instansi': 'Kabupaten Sleman', 'kualifikasi_usaha': 'Kecil', 'kategori': 'Pekerjaan Konstruksi', 'metode_tender': 'Pasca Satu File', 'tahun_anggaran': '2018', 'metode_evaluasi': 'Sistem Gugur', 'lokasi_pengerjaan': 'Kecamatan Prambanan, Turi dan Minggir-Sleman (Kab.)-DI Yogyakarta', 'satuan_kerja': 'DINAS PERHUBUNGAN'}
Kabupaten Sleman|Pekerjaan Konstruksi|Kecil|Rp 358.644.000|2018|{'pengumuman_pascakualifikasi': {'mulai': '16 Mei 2018', 'akhir': '23 Mei 2018'}, 'download_dokumen_pengadaan': {'mulai': '16 Mei 2018', 'akhir': '23 Mei 2018'}, 'pemberian_penjelasan': {'mulai': '18 Mei 2018', 'akhir': '18 Mei 2018'}, 'upload_dokumen_penawaran': {'mulai': '19 Mei 2018', 'akhir': '24 Mei 2018'}, 'pembukaan_dokumen_penawaran': {'mulai': '24 Mei 2018', 'akhir': '4 Jun 2018'}, 'tidak_ada_jadwal': {'mulai': None, 'akhir': None}, 'pembuktian_kualifikasi': {'mulai': '4 Jun 2018', 'akhir': '4 Jun 2018'}, 'penetapan_pemenang': {'mulai': '4 Jun 2018', 'akhir': '4 Jun 2018'}, 'pengumuman_pemenang': {'mulai': '4 Jun 2018', 'akhir': '4 Jun 2018'}, 'masa_sanggah_hasil_lelang': {'mulai': '4 Jun 2018', 'akhir': '7 Jun 2018'}, 'surat_penunjukan_penyedia_barangjasa': {'mulai': '8 Jun 2018', 'akhir': '21 Jun 2018'}, 'penandatanganan_kontrak': {'mulai': '22 Jun 2018', 'akhir': '5 Jul 2018'}}|||{'nama_tender': 'Pengadaan dan pemasangan marka jalan.', 'nilai_HPS': 'Rp 358.644.000', 'nilai_pagu': 'Rp 358.800.000', 'Instansi': 'Kabupaten Sleman', 'kualifikasi_usaha': 'Kecil', 'kategori': 'Pekerjaan Konstruksi', 'metode_tender': 'Pasca Satu File', 'tahun_anggaran': '2018', 'metode_evaluasi': 'Sistem Gugur', 'lokasi_pengerjaan': 'Kabupaten Sleman-Sleman (Kab.)-DI Yogyakarta', 'satuan_kerja': 'DINAS PERHUBUNGAN'}
Kabupaten Sleman|Pekerjaan Konstruksi|Kecil|Rp 225.000.000|2018|{'pengumuman_pascakualifikasi': {'mulai': '28 Mei 2018', 'akhir': '6 Jun 2018'}, 'download_dokumen_pengadaan': {'mulai': '28 Mei 2018', 'akhir': '6 Jun 2018'}, 'pemberian_penjelasan': {'mulai': '31 Mei 2018', 'akhir': '31 Mei 2018'}, 'upload_dokumen_penawaran': {'mulai': '1 Jun 2018', 'akhir': '7 Jun 2018'}, 'pembukaan_dokumen_penawaran': {'mulai': '7 Jun 2018', 'akhir': '22 Jun 2018'}, 'tidak_ada_jadwal': {'mulai': None, 'akhir': None}, 'pembuktian_kualifikasi': {'mulai': '22 Jun 2018', 'akhir': '22 Jun 2018'}, 'penetapan_pemenang': {'mulai': '22 Jun 2018', 'akhir': '22 Jun 2018'}, 'pengumuman_pemenang': {'mulai': '22 Jun 2018', 'akhir': '22 Jun 2018'}, 'masa_sanggah_hasil_lelang': {'mulai': '22 Jun 2018', 'akhir': '25 Jun 2018'}, 'surat_penunjukan_penyedia_barangjasa': {'mulai': '26 Jun 2018', 'akhir': '28 Jun 2018'}, 'penandatanganan_kontrak': {'mulai': '28 Jun 2018', 'akhir': '13 Jul 2018'}}|||{'nama_tender': 'Pengadaan  bangunan TPS  (PUPM) Bangunharjo, Krebet, Koroulon, Bimomartani, Ngemplak', 'nilai_HPS': 'Rp 225.000.000', 'nilai_pagu': 'Rp 225.000.000', 'Instansi': 'Kabupaten Sleman', 'kualifikasi_usaha': 'Kecil', 'kategori': 'Pekerjaan Konstruksi', 'metode_tender': 'Pasca Satu File', 'tahun_anggaran': '2018', 'metode_evaluasi': 'Sistem Gugur', 'lokasi_pengerjaan': 'Bimomartani, Kecamatan Ngemplak-Sleman (Kab.)-DI Yogyakarta', 'satuan_kerja': 'DINAS LINGKUNGAN HIDUP'}
Kabupaten Sleman|Pekerjaan Konstruksi|Kecil|Rp 350.000.000|2018|{'pengumuman_pascakualifikasi': {'mulai': '28 Mei 2018', 'akhir': '6 Jun 2018'}, 'download_dokumen_pengadaan': {'mulai': '28 Mei 2018', 'akhir': '6 Jun 2018'}, 'pemberian_penjelasan': {'mulai': '31 Mei 2018', 'akhir': '31 Mei 2018'}, 'upload_dokumen_penawaran': {'mulai': '1 Jun 2018', 'akhir': '8 Jun 2018'}, 'pembukaan_dokumen_penawaran': {'mulai': '8 Jun 2018', 'akhir': '8 Jun 2018'}, 'tidak_ada_jadwal': {'mulai': None, 'akhir': None}, 'pembuktian_kualifikasi': {'mulai': '22 Jun 2018', 'akhir': '28 Jun 2018'}, 'penetapan_pemenang': {'mulai': '28 Jun 2018', 'akhir': '28 Jun 2018'}, 'pengumuman_pemenang': {'mulai': '28 Jun 2018', 'akhir': '28 Jun 2018'}, 'masa_sanggah_hasil_lelang': {'mulai': '28 Jun 2018', 'akhir': '2 Jul 2018'}, 'surat_penunjukan_penyedia_barangjasa': {'mulai': '3 Jul 2018', 'akhir': '4 Jul 2018'}, 'penandatanganan_kontrak': {'mulai': '5 Jul 2018', 'akhir': '18 Jul 2018'}}|||{'nama_tender': 'Pengadaan konstruksi jalan aspal akses transfer depo lokasi Panasan, Triharjo,Sleman', 'nilai_HPS': 'Rp 350.000.000', 'nilai_pagu': 'Rp 350.000.000', 'Instansi': 'Kabupaten Sleman', 'kualifikasi_usaha': 'Kecil', 'kategori': 'Pekerjaan Konstruksi', 'metode_tender': 'Pasca Satu File', 'tahun_anggaran': '2018', 'metode_evaluasi': 'Sistem Gugur', 'lokasi_pengerjaan': 'Donokerto Kecamatan Turi-Sleman (Kab.)-DI Yogyakarta', 'satuan_kerja': 'DINAS LINGKUNGAN HIDUP'}
Kabupaten Sleman|Pengadaan Barang|Kecil dan Non Kecil|Rp 1.575.000.000|2018|{'pengumuman_pascakualifikasi': {'mulai': None, 'akhir': None}, 'download_dokumen_pengadaan': {'mulai': None, 'akhir': None}, 'pemberian_penjelasan': {'mulai': '28 Mei 2018', 'akhir': '28 Mei 2018'}, 'upload_dokumen_penawaran': {'mulai': '29 Mei 2018', 'akhir': '4 Jun 2018'}, 'pembukaan_dokumen_penawaran': {'mulai': None, 'akhir': None}, 'tidak_ada_jadwal': {'mulai': None, 'akhir': None}, 'pembuktian_kualifikasi': {'mulai': None, 'akhir': None}, 'penetapan_pemenang': {'mulai': None, 'akhir': None}, 'pengumuman_pemenang': {'mulai': None, 'akhir': None}, 'masa_sanggah_hasil_lelang': {'mulai': None, 'akhir': None}, 'surat_penunjukan_penyedia_barangjasa': {'mulai': None, 'akhir': None}, 'penandatanganan_kontrak': {'mulai': None, 'akhir': None}}|||{'nama_tender': 'Pengadaan kendaraan dinas bupati', 'nilai_HPS': 'Rp 1.575.000.000', 'nilai_pagu': 'Rp 1.900.000.000', 'Instansi': 'Kabupaten Sleman', 'kualifikasi_usaha': 'Kecil dan Non Kecil', 'kategori': 'Pengadaan Barang', 'metode_tender': 'Pasca Satu File', 'tahun_anggaran': '2018', 'metode_evaluasi': 'Sistem Gugur', 'lokasi_pengerjaan': 'Jl. Parasamya,Beran,Tridadi,Sleman-Sleman (Kab.)-DI Yogyakarta', 'satuan_kerja': 'BADAN KEUANGAN DAN ASET DAERAH'}
Kabupaten Sleman|Pekerjaan Konstruksi|Kecil|Rp 1.326.440.000|2018|{'pengumuman_pascakualifikasi': {'mulai': '29 Jun 2018', 'akhir': '9 Jul 2018'}, 'download_dokumen_pengadaan': {'mulai': '29 Jun 2018', 'akhir': '9 Jul 2018'}, 'pemberian_penjelasan': {'mulai': '2 Jul 2018', 'akhir': '2 Jul 2018'}, 'upload_dokumen_penawaran': {'mulai': '3 Jul 2018', 'akhir': '10 Jul 2018'}, 'pembukaan_dokumen_penawaran': {'mulai': '10 Jul 2018', 'akhir': '17 Jul 2018'}, 'tidak_ada_jadwal': {'mulai': None, 'akhir': None}, 'pembuktian_kualifikasi': {'mulai': '18 Jul 2018', 'akhir': '20 Jul 2018'}, 'penetapan_pemenang': {'mulai': '20 Jul 2018', 'akhir': '20 Jul 2018'}, 'pengumuman_pemenang': {'mulai': '20 Jul 2018', 'akhir': '20 Jul 2018'}, 'masa_sanggah_hasil_lelang': {'mulai': '20 Jul 2018', 'akhir': '23 Jul 2018'}, 'surat_penunjukan_penyedia_barangjasa': {'mulai': '24 Jul 2018', 'akhir': '25 Jul 2018'}, 'penandatanganan_kontrak': {'mulai': '25 Jul 2018', 'akhir': '7 Agu 2018'}}|||{'nama_tender': 'Pengadaan IPAL', 'nilai_HPS': 'Rp 1.326.440.000', 'nilai_pagu': 'Rp 1.562.833.500', 'Instansi': 'Kabupaten Sleman', 'kualifikasi_usaha': 'Kecil', 'kategori': 'Pekerjaan Konstruksi', 'metode_tender': 'Pasca Satu File', 'tahun_anggaran': '2018', 'metode_evaluasi': 'Sistem Gugur', 'lokasi_pengerjaan': 'Puskesmas Turi dan Puskesmas Berbah, Kabupaten Sleman-Sleman (Kab.)-DI Yogyakarta', 'satuan_kerja': 'DINAS KESEHATAN'}
Kabupaten Sleman|Pekerjaan Konstruksi|Kecil|Rp 525.000.000|2018|{'pengumuman_pascakualifikasi': {'mulai': '28 Mei 2018', 'akhir': '6 Jun 2018'}, 'download_dokumen_pengadaan': {'mulai': '28 Mei 2018', 'akhir': '6 Jun 2018'}, 'pemberian_penjelasan': {'mulai': '31 Mei 2018', 'akhir': '31 Mei 2018'}, 'upload_dokumen_penawaran': {'mulai': '1 Jun 2018', 'akhir': '7 Jun 2018'}, 'pembukaan_dokumen_penawaran': {'mulai': '7 Jun 2018', 'akhir': '28 Jun 2018'}, 'tidak_ada_jadwal': {'mulai': None, 'akhir': None}, 'pembuktian_kualifikasi': {'mulai': '21 Jun 2018', 'akhir': '28 Jun 2018'}, 'penetapan_pemenang': {'mulai': '28 Jun 2018', 'akhir': '28 Jun 2018'}, 'pengumuman_pemenang': {'mulai': '28 Jun 2018', 'akhir': '28 Jun 2018'}, 'masa_sanggah_hasil_lelang': {'mulai': '29 Jun 2018', 'akhir': '2 Jul 2018'}, 'surat_penunjukan_penyedia_barangjasa': {'mulai': '3 Jul 2018', 'akhir': '4 Jul 2018'}, 'penandatanganan_kontrak': {'mulai': '5 Jul 2018', 'akhir': '19 Jul 2018'}}|||{'nama_tender': 'Pengadaan konstruksi jalan aspal akses transfer depo lokasi Berjo, Sidoluhur, Godean', 'nilai_HPS': 'Rp 525.000.000', 'nilai_pagu': 'Rp 525.000.000', 'Instansi': 'Kabupaten Sleman', 'kualifikasi_usaha': 'Kecil', 'kategori': 'Pekerjaan Konstruksi', 'metode_tender': 'Pasca Satu File', 'tahun_anggaran': '2018', 'metode_evaluasi': 'Sistem Gugur', 'lokasi_pengerjaan': 'Kab. Sleman-Sleman (Kab.)-DI Yogyakarta', 'satuan_kerja': 'DINAS LINGKUNGAN HIDUP'}
-|Pengadaan Barang|Kecil|Rp 220.877.600|2022|{'pengumuman_pascakualifikasi': {'mulai': '1 Sep 2022', 'akhir': '6 Sep 2022'}, 'download_dokumen_pengadaan': {'mulai': '1 Sep 2022', 'akhir': '12 Sep 2022'}, 'pemberian_penjelasan': {'mulai': '5 Sep 2022', 'akhir': '5 Sep 2022'}, 'upload_dokumen_penawaran': {'mulai': '5 Sep 2022', 'akhir': '12 Sep 2022'}, 'pembukaan_dokumen_penawaran': {'mulai': '12 Sep 2022', 'akhir': '13 Sep 2022'}, 'tidak_ada_jadwal': {'mulai': '12 Sep 2022', 'akhir': '16 Sep 2022'}, 'pembuktian_kualifikasi': {'mulai': '15 Sep 2022', 'akhir': '16 Sep 2022'}, 'penetapan_pemenang': {'mulai': '16 Sep 2022', 'akhir': '16 Sep 2022'}, 'pengumuman_pemenang': {'mulai': '16 Sep 2022', 'akhir': '16 Sep 2022'}, 'masa_sanggah_hasil_lelang': {'mulai': '17 Sep 2022', 'akhir': '22 Sep 2022'}, 'surat_penunjukan_penyedia_barangjasa': {'mulai': '23 Sep 2022', 'akhir': '27 Sep 2022'}, 'penandatanganan_kontrak': {'mulai': '27 Sep 2022', 'akhir': '30 Sep 2022'}}|||{'nama_tender': 'Belanja Suku Cadang Alat Pertanian Berupa Ajir Penanaman Kayu Putih (PRH BKPH)', 'nilai_HPS': 'Rp 220.877.600', 'nilai_pagu': 'Rp 259.856.000', 'Instansi': '-', 'kualifikasi_usaha': 'Kecil', 'kategori': 'Pengadaan Barang', 'metode_tender': '', 'tahun_anggaran': '2022', 'metode_evaluasi': 'Sistem Gugur', 'lokasi_pengerjaan': 'RPH Kepek, Kemuning, Wonolagi, Gubugrubuh, Menggoran, Kedungwanglu, Mulo, Grogol, Bibal, Pucanganom, Gebang, Kenet, Nglipar, Gelaran, dan Candi. (rincian lokasi titik bagi mengacu KAK)-Gunung Kidul (Kab.)-DI Yogyakarta', 'satuan_kerja': None}
-|Pekerjaan Konstruksi|Kecil|Rp 1.540.123.504|2022|{'pengumuman_pascakualifikasi': {'mulai': '28 Sep 2022', 'akhir': '5 Okt 2022'}, 'download_dokumen_pengadaan': {'mulai': '28 Sep 2022', 'akhir': '5 Okt 2022'}, 'pemberian_penjelasan': {'mulai': '30 Sep 2022', 'akhir': '30 Sep 2022'}, 'upload_dokumen_penawaran': {'mulai': '30 Sep 2022', 'akhir': '5 Okt 2022'}, 'pembukaan_dokumen_penawaran': {'mulai': '5 Okt 2022', 'akhir': '12 Okt 2022'}, 'tidak_ada_jadwal': {'mulai': '5 Okt 2022', 'akhir': '12 Okt 2022'}, 'pembuktian_kualifikasi': {'mulai': '6 Okt 2022', 'akhir': '12 Okt 2022'}, 'penetapan_pemenang': {'mulai': '12 Okt 2022', 'akhir': '12 Okt 2022'}, 'pengumuman_pemenang': {'mulai': '12 Okt 2022', 'akhir': '12 Okt 2022'}, 'masa_sanggah_hasil_lelang': {'mulai': '12 Okt 2022', 'akhir': '18 Okt 2022'}, 'surat_penunjukan_penyedia_barangjasa': {'mulai': '18 Okt 2022', 'akhir': '21 Okt 2022'}, 'penandatanganan_kontrak': {'mulai': '19 Okt 2022', 'akhir': '4 Nov 2022'}}|||{'nama_tender': 'Pembangunan Jalan Desa KSCT Paket 7: Berbah', 'nilai_HPS': 'Rp 1.540.123.504', 'nilai_pagu': 'Rp 1.544.772.532', 'Instansi': '-', 'kualifikasi_usaha': 'Kecil', 'kategori': 'Pekerjaan Konstruksi', 'metode_tender': '', 'tahun_anggaran': '2022', 'metode_evaluasi': 'Sistem Gugur', 'lokasi_pengerjaan': 'Kabupaten Sleman-Sleman (Kab.)-DI Yogyakarta', 'satuan_kerja': None}
-|Jasa Lainnya|Kecil|Rp 363.730.100|2022|{'pengumuman_pascakualifikasi': {'mulai': '1 Sep 2022', 'akhir': '6 Sep 2022'}, 'download_dokumen_pengadaan': {'mulai': '1 Sep 2022', 'akhir': '12 Sep 2022'}, 'pemberian_penjelasan': {'mulai': '5 Sep 2022', 'akhir': '5 Sep 2022'}, 'upload_dokumen_penawaran': {'mulai': '5 Sep 2022', 'akhir': '12 Sep 2022'}, 'pembukaan_dokumen_penawaran': {'mulai': '12 Sep 2022', 'akhir': '13 Sep 2022'}, 'tidak_ada_jadwal': {'mulai': '12 Sep 2022', 'akhir': '16 Sep 2022'}, 'pembuktian_kualifikasi': {'mulai': '15 Sep 2022', 'akhir': '16 Sep 2022'}, 'penetapan_pemenang': {'mulai': '16 Sep 2022', 'akhir': '16 Sep 2022'}, 'pengumuman_pemenang': {'mulai': '16 Sep 2022', 'akhir': '16 Sep 2022'}, 'masa_sanggah_hasil_lelang': {'mulai': '17 Sep 2022', 'akhir': '22 Sep 2022'}, 'surat_penunjukan_penyedia_barangjasa': {'mulai': '23 Sep 2022', 'akhir': '27 Sep 2022'}, 'penandatanganan_kontrak': {'mulai': '27 Sep 2022', 'akhir': '10 Okt 2022'}}|||{'nama_tender': 'Belanja Jasa Pelayanan Perpustakaan', 'nilai_HPS': 'Rp 363.730.100', 'nilai_pagu': 'Rp 363.732.000', 'Instansi': '-', 'kualifikasi_usaha': 'Kecil', 'kategori': 'Jasa Lainnya', 'metode_tender': '', 'tahun_anggaran': '2022', 'metode_evaluasi': 'Sistem Gugur', 'lokasi_pengerjaan': 'Balai Layanan Perpustakaan-Bantul (Kab.)-DI Yogyakarta', 'satuan_kerja': None}
-|Pengadaan Barang|Kecil|Rp 2.131.305.829|2022|{'pengumuman_pascakualifikasi': {'mulai': '2 Sep 2022', 'akhir': '7 Sep 2022'}, 'download_dokumen_pengadaan': {'mulai': '2 Sep 2022', 'akhir': '9 Sep 2022'}, 'pemberian_penjelasan': {'mulai': '5 Sep 2022', 'akhir': '5 Sep 2022'}, 'upload_dokumen_penawaran': {'mulai': '5 Sep 2022', 'akhir': '9 Sep 2022'}, 'pembukaan_dokumen_penawaran': {'mulai': '9 Sep 2022', 'akhir': '12 Sep 2022'}, 'tidak_ada_jadwal': {'mulai': '9 Sep 2022', 'akhir': '15 Sep 2022'}, 'pembuktian_kualifikasi': {'mulai': '9 Sep 2022', 'akhir': '15 Sep 2022'}, 'penetapan_pemenang': {'mulai': '16 Sep 2022', 'akhir': '16 Sep 2022'}, 'pengumuman_pemenang': {'mulai': '16 Sep 2022', 'akhir': '16 Sep 2022'}, 'masa_sanggah_hasil_lelang': {'mulai': '17 Sep 2022', 'akhir': '22 Sep 2022'}, 'surat_penunjukan_penyedia_barangjasa': {'mulai': '23 Sep 2022', 'akhir': '26 Sep 2022'}, 'penandatanganan_kontrak': {'mulai': '26 Sep 2022', 'akhir': '29 Sep 2022'}}|||{'nama_tender': 'Belanja Hibah Barang kepada Badan dan Lembaga Nirlaba, Sukarela Bersifat Sosial Kemasyarakatan (Pengembangan Ternak Kambing Perah) Tahun Anggaran 2022', 'nilai_HPS': 'Rp 2.131.305.829', 'nilai_pagu': 'Rp 2.132.000.000', 'Instansi': '-', 'kualifikasi_usaha': 'Kecil', 'kategori': 'Pengadaan Barang', 'metode_tender': '', 'tahun_anggaran': '2022', 'metode_evaluasi': 'Sistem Gugur', 'lokasi_pengerjaan': 'DIY-Yogyakarta (Kota)-DI Yogyakarta', 'satuan_kerja': None}
-|Pekerjaan Konstruksi|Kecil|Rp 2.499.995.266|2022|{'pengumuman_pascakualifikasi': {'mulai': '30 Sep 2022', 'akhir': '7 Okt 2022'}, 'download_dokumen_pengadaan': {'mulai': '30 Sep 2022', 'akhir': '7 Okt 2022'}, 'pemberian_penjelasan': {'mulai': '3 Okt 2022', 'akhir': '3 Okt 2022'}, 'upload_dokumen_penawaran': {'mulai': '3 Okt 2022', 'akhir': '7 Okt 2022'}, 'pembukaan_dokumen_penawaran': {'mulai': '7 Okt 2022', 'akhir': '11 Okt 2022'}, 'tidak_ada_jadwal': {'mulai': '7 Okt 2022', 'akhir': '11 Okt 2022'}, 'pembuktian_kualifikasi': {'mulai': '7 Okt 2022', 'akhir': '11 Okt 2022'}, 'penetapan_pemenang': {'mulai': '12 Okt 2022', 'akhir': '12 Okt 2022'}, 'pengumuman_pemenang': {'mulai': '12 Okt 2022', 'akhir': '12 Okt 2022'}, 'masa_sanggah_hasil_lelang': {'mulai': '12 Okt 2022', 'akhir': '17 Okt 2022'}, 'surat_penunjukan_penyedia_barangjasa': {'mulai': '18 Okt 2022', 'akhir': '24 Okt 2022'}, 'penandatanganan_kontrak': {'mulai': '19 Okt 2022', 'akhir': '3 Nov 2022'}}|||{'nama_tender': 'Pemeliharaan Berkala Jalan RW Monginsidi', 'nilai_HPS': 'Rp 2.499.995.266', 'nilai_pagu': 'Rp 2.500.000.000', 'Instansi': '-', 'kualifikasi_usaha': 'Kecil', 'kategori': 'Pekerjaan Konstruksi', 'metode_tender': '', 'tahun_anggaran': '2022', 'metode_evaluasi': 'Sistem Gugur', 'lokasi_pengerjaan': 'Jl. RW. Monginsidi-Yogyakarta (Kota)-DI Yogyakarta', 'satuan_kerja': None}
-|Pekerjaan Konstruksi|Kecil|Rp 447.938.835|2022|{'pengumuman_pascakualifikasi': {'mulai': '19 Sep 2022', 'akhir': '24 Sep 2022'}, 'download_dokumen_pengadaan': {'mulai': '19 Sep 2022', 'akhir': '26 Sep 2022'}, 'pemberian_penjelasan': {'mulai': '21 Sep 2022', 'akhir': '21 Sep 2022'}, 'upload_dokumen_penawaran': {'mulai': '21 Sep 2022', 'akhir': '27 Sep 2022'}, 'pembukaan_dokumen_penawaran': {'mulai': '27 Sep 2022', 'akhir': '29 Sep 2022'}, 'tidak_ada_jadwal': {'mulai': '27 Sep 2022', 'akhir': '4 Okt 2022'}, 'pembuktian_kualifikasi': {'mulai': '5 Okt 2022', 'akhir': '5 Okt 2022'}, 'penetapan_pemenang': {'mulai': '5 Okt 2022', 'akhir': '5 Okt 2022'}, 'pengumuman_pemenang': {'mulai': '5 Okt 2022', 'akhir': '5 Okt 2022'}, 'masa_sanggah_hasil_lelang': {'mulai': '5 Okt 2022', 'akhir': '10 Okt 2022'}, 'surat_penunjukan_penyedia_barangjasa': {'mulai': '10 Okt 2022', 'akhir': '13 Okt 2022'}, 'penandatanganan_kontrak': {'mulai': '11 Okt 2022', 'akhir': '17 Okt 2022'}}|||{'nama_tender': 'Jasa Konstruksi Pengadaan Instalasi dan SambunganListrik Rumah Tangga di Kabupaten Bantul dan Kabupaten Gunungkidul Tahap 2', 'nilai_HPS': 'Rp 447.938.835', 'nilai_pagu': 'Rp 448.950.000', 'Instansi': '-', 'kualifikasi_usaha': 'Kecil', 'kategori': 'Pekerjaan Konstruksi', 'metode_tender': '', 'tahun_anggaran': '2022', 'metode_evaluasi': 'Sistem Gugur', 'lokasi_pengerjaan': 'Rumah tangga miskin yang listriknya menyalur-Gunung Kidul (Kab.)-DI Yogyakarta,Rumah tangga miskin yang listriknya menyalur-Bantul (Kab.)-DI Yogyakarta', 'satuan_kerja': None}
-|Pengadaan Barang|Kecil|Rp 326.436.570|2022|{'pengumuman_pascakualifikasi': {'mulai': '27 Jul 2022', 'akhir': '2 Agu 2022'}, 'download_dokumen_pengadaan': {'mulai': '27 Jul 2022', 'akhir': '9 Agu 2022'}, 'pemberian_penjelasan': {'mulai': '29 Jul 2022', 'akhir': '29 Jul 2022'}, 'upload_dokumen_penawaran': {'mulai': '29 Jul 2022', 'akhir': '9 Agu 2022'}, 'pembukaan_dokumen_penawaran': {'mulai': '9 Agu 2022', 'akhir': '12 Agu 2022'}, 'tidak_ada_jadwal': {'mulai': '9 Agu 2022', 'akhir': '12 Agu 2022'}, 'pembuktian_kualifikasi': {'mulai': '9 Agu 2022', 'akhir': '12 Agu 2022'}, 'penetapan_pemenang': {'mulai': '12 Agu 2022', 'akhir': '12 Agu 2022'}, 'pengumuman_pemenang': {'mulai': '12 Agu 2022', 'akhir': '12 Agu 2022'}, 'masa_sanggah_hasil_lelang': {'mulai': '13 Agu 2022', 'akhir': '18 Agu 2022'}, 'surat_penunjukan_penyedia_barangjasa': {'mulai': '18 Agu 2022', 'akhir': '18 Agu 2022'}, 'penandatanganan_kontrak': {'mulai': '19 Agu 2022', 'akhir': '26 Agu 2022'}}|||{'nama_tender': 'Bamntuan Jamban Sehat dan PAH PIWK', 'nilai_HPS': 'Rp 326.436.570', 'nilai_pagu': 'Rp 328.500.000', 'Instansi': '-', 'kualifikasi_usaha': 'Kecil', 'kategori': 'Pengadaan Barang', 'metode_tender': '', 'tahun_anggaran': '2022', 'metode_evaluasi': 'Sistem Gugur', 'lokasi_pengerjaan': 'Kapanewon Semanu-Gunung Kidul (Kab.)-DI Yogyakarta', 'satuan_kerja': None}
-|Pekerjaan Konstruksi|Kecil|Rp 297.669.000|2022|{'pengumuman_pascakualifikasi': {'mulai': '27 Jul 2022', 'akhir': '4 Agu 2022'}, 'download_dokumen_pengadaan': {'mulai': '27 Jul 2022', 'akhir': '5 Agu 2022'}, 'pemberian_penjelasan': {'mulai': '1 Agu 2022', 'akhir': '1 Agu 2022'}, 'upload_dokumen_penawaran': {'mulai': '1 Agu 2022', 'akhir': '5 Agu 2022'}, 'pembukaan_dokumen_penawaran': {'mulai': '5 Agu 2022', 'akhir': '9 Agu 2022'}, 'tidak_ada_jadwal': {'mulai': '5 Agu 2022', 'akhir': '16 Agu 2022'}, 'pembuktian_kualifikasi': {'mulai': '8 Agu 2022', 'akhir': '16 Agu 2022'}, 'penetapan_pemenang': {'mulai': '16 Agu 2022', 'akhir': '16 Agu 2022'}, 'pengumuman_pemenang': {'mulai': '16 Agu 2022', 'akhir': '16 Agu 2022'}, 'masa_sanggah_hasil_lelang': {'mulai': '17 Agu 2022', 'akhir': '22 Agu 2022'}, 'surat_penunjukan_penyedia_barangjasa': {'mulai': '22 Agu 2022', 'akhir': '23 Agu 2022'}, 'penandatanganan_kontrak': {'mulai': '24 Agu 2022', 'akhir': '26 Agu 2022'}}|||{'nama_tender': 'Pekerjaan Landsekap Dan Pematangan Lahan Komplek Perkantoran Siraman', 'nilai_HPS': 'Rp 297.669.000', 'nilai_pagu': 'Rp 300.000.416', 'Instansi': '-', 'kualifikasi_usaha': 'Kecil', 'kategori': 'Pekerjaan Konstruksi', 'metode_tender': '', 'tahun_anggaran': '2022', 'metode_evaluasi': 'Sistem Gugur', 'lokasi_pengerjaan': 'Kapanewon Wonosari-Gunung Kidul (Kab.)-DI Yogyakarta', 'satuan_kerja': None}
-|Pekerjaan Konstruksi|Kecil|Rp 820.494.000|2022|{'pengumuman_pascakualifikasi': {'mulai': '2 Agu 2022', 'akhir': '8 Agu 2022'}, 'download_dokumen_pengadaan': {'mulai': '2 Agu 2022', 'akhir': '10 Agu 2022'}, 'pemberian_penjelasan': {'mulai': '5 Agu 2022', 'akhir': '5 Agu 2022'}, 'upload_dokumen_penawaran': {'mulai': '5 Agu 2022', 'akhir': '10 Agu 2022'}, 'pembukaan_dokumen_penawaran': {'mulai': '10 Agu 2022', 'akhir': '22 Agu 2022'}, 'tidak_ada_jadwal': {'mulai': '10 Agu 2022', 'akhir': '22 Agu 2022'}, 'pembuktian_kualifikasi': {'mulai': '10 Agu 2022', 'akhir': '22 Agu 2022'}, 'penetapan_pemenang': {'mulai': '22 Agu 2022', 'akhir': '22 Agu 2022'}, 'pengumuman_pemenang': {'mulai': '22 Agu 2022', 'akhir': '22 Agu 2022'}, 'masa_sanggah_hasil_lelang': {'mulai': '23 Agu 2022', 'akhir': '29 Agu 2022'}, 'surat_penunjukan_penyedia_barangjasa': {'mulai': '29 Agu 2022', 'akhir': '30 Agu 2022'}, 'penandatanganan_kontrak': {'mulai': '31 Agu 2022', 'akhir': '1 Sep 2022'}}|||{'nama_tender': 'Pembangunan RTH Kapanewon Nglipar', 'nilai_HPS': 'Rp 820.494.000', 'nilai_pagu': 'Rp 821.000.000', 'Instansi': '-', 'kualifikasi_usaha': 'Kecil', 'kategori': 'Pekerjaan Konstruksi', 'metode_tender': '', 'tahun_anggaran': '2022', 'metode_evaluasi': 'Sistem Gugur', 'lokasi_pengerjaan': 'Dinas Lingkungan Hidup Kabupaten Gunungkidul-Gunung Kidul (Kab.)-DI Yogyakarta', 'satuan_kerja': None}
-|Pekerjaan Konstruksi|Kecil|Rp 9.463.451.906|2022|{'pengumuman_pascakualifikasi': {'mulai': '4 Agu 2022', 'akhir': '16 Agu 2022'}, 'download_dokumen_pengadaan': {'mulai': '4 Agu 2022', 'akhir': '19 Agu 2022'}, 'pemberian_penjelasan': {'mulai': '8 Agu 2022', 'akhir': '8 Agu 2022'}, 'upload_dokumen_penawaran': {'mulai': '8 Agu 2022', 'akhir': '19 Agu 2022'}, 'pembukaan_dokumen_penawaran': {'mulai': '19 Agu 2022', 'akhir': '22 Agu 2022'}, 'tidak_ada_jadwal': {'mulai': '19 Agu 2022', 'akhir': '7 Sep 2022'}, 'pembuktian_kualifikasi': {'mulai': '22 Agu 2022', 'akhir': '7 Sep 2022'}, 'penetapan_pemenang': {'mulai': '7 Sep 2022', 'akhir': '7 Sep 2022'}, 'pengumuman_pemenang': {'mulai': '7 Sep 2022', 'akhir': '7 Sep 2022'}, 'masa_sanggah_hasil_lelang': {'mulai': '8 Sep 2022', 'akhir': '13 Sep 2022'}, 'surat_penunjukan_penyedia_barangjasa': {'mulai': '13 Sep 2022', 'akhir': '13 Sep 2022'}, 'penandatanganan_kontrak': {'mulai': '14 Sep 2022', 'akhir': '15 Sep 2022'}}|||{'nama_tender': 'Pembangunan jalan Ruas Jalan Siyono - Baleharjo( 0313 ) Tahap I (Siyono-Kranon)', 'nilai_HPS': 'Rp 9.463.451.906', 'nilai_pagu': 'Rp 9.463.451.906', 'Instansi': '-', 'kualifikasi_usaha': 'Kecil', 'kategori': 'Pekerjaan Konstruksi', 'metode_tender': '', 'tahun_anggaran': '2022', 'metode_evaluasi': 'Sistem Gugur', 'lokasi_pengerjaan': 'Kabupaten Gunungkidul-Gunung Kidul (Kab.)-DI Yogyakarta', 'satuan_kerja': None}
-|Pekerjaan Konstruksi|procurement.qualifications.24|Rp 42.412.761.000|2022|{'pengumuman_pascakualifikasi': {'mulai': '12 Agu 2022', 'akhir': '19 Agu 2022'}, 'download_dokumen_pengadaan': {'mulai': '12 Agu 2022', 'akhir': '23 Agu 2022'}, 'pemberian_penjelasan': {'mulai': '15 Agu 2022', 'akhir': '15 Agu 2022'}, 'upload_dokumen_penawaran': {'mulai': '15 Agu 2022', 'akhir': '23 Agu 2022'}, 'pembukaan_dokumen_penawaran': {'mulai': '23 Agu 2022', 'akhir': '6 Sep 2022'}, 'tidak_ada_jadwal': {'mulai': '23 Agu 2022', 'akhir': '7 Sep 2022'}, 'pembuktian_kualifikasi': {'mulai': '23 Agu 2022', 'akhir': '7 Sep 2022'}, 'penetapan_pemenang': {'mulai': '7 Sep 2022', 'akhir': '7 Sep 2022'}, 'pengumuman_pemenang': {'mulai': '7 Sep 2022', 'akhir': '7 Sep 2022'}, 'masa_sanggah_hasil_lelang': {'mulai': '8 Sep 2022', 'akhir': '13 Sep 2022'}, 'surat_penunjukan_penyedia_barangjasa': {'mulai': '19 Sep 2022', 'akhir': '20 Sep 2022'}, 'penandatanganan_kontrak': {'mulai': '21 Sep 2022', 'akhir': '23 Sep 2022'}}|||{'nama_tender': 'Pembangunan Gedung DPRD Kabupaten Gunungkidul', 'nilai_HPS': 'Rp 42.412.761.000', 'nilai_pagu': 'Rp 42.772.873.000', 'Instansi': '-', 'kualifikasi_usaha': 'procurement.qualifications.24', 'kategori': 'Pekerjaan Konstruksi', 'metode_tender': '', 'tahun_anggaran': '2022', 'metode_evaluasi': 'Sistem Gugur', 'lokasi_pengerjaan': 'Kapanewon Wonosari-Gunung Kidul (Kab.)-DI Yogyakarta', 'satuan_kerja': None}
-|Pekerjaan Konstruksi|Kecil|Rp 914.774.000|2022|{'pengumuman_pascakualifikasi': {'mulai': '9 Agu 2022', 'akhir': '15 Agu 2022'}, 'download_dokumen_pengadaan': {'mulai': '9 Agu 2022', 'akhir': '22 Agu 2022'}, 'pemberian_penjelasan': {'mulai': '12 Agu 2022', 'akhir': '12 Agu 2022'}, 'upload_dokumen_penawaran': {'mulai': '12 Agu 2022', 'akhir': '22 Agu 2022'}, 'pembukaan_dokumen_penawaran': {'mulai': '22 Agu 2022', 'akhir': '26 Agu 2022'}, 'tidak_ada_jadwal': {'mulai': '22 Agu 2022', 'akhir': '26 Agu 2022'}, 'pembuktian_kualifikasi': {'mulai': '22 Agu 2022', 'akhir': '26 Agu 2022'}, 'penetapan_pemenang': {'mulai': '26 Agu 2022', 'akhir': '26 Agu 2022'}, 'pengumuman_pemenang': {'mulai': '26 Agu 2022', 'akhir': '26 Agu 2022'}, 'masa_sanggah_hasil_lelang': {'mulai': '27 Agu 2022', 'akhir': '1 Sep 2022'}, 'surat_penunjukan_penyedia_barangjasa': {'mulai': '1 Sep 2022', 'akhir': '2 Sep 2022'}, 'penandatanganan_kontrak': {'mulai': '5 Sep 2022', 'akhir': '6 Sep 2022'}}|||{'nama_tender': 'Pembangunan RTH Wajah Kota Tugu Siyono sampai dengan Alun-alun', 'nilai_HPS': 'Rp 914.774.000', 'nilai_pagu': 'Rp 916.000.000', 'Instansi': '-', 'kualifikasi_usaha': 'Kecil', 'kategori': 'Pekerjaan Konstruksi', 'metode_tender': '', 'tahun_anggaran': '2022', 'metode_evaluasi': 'Sistem Gugur', 'lokasi_pengerjaan': 'Dinas Lingkungan Hidup Kabupaten Gunungkidul-Gunung Kidul (Kab.)-DI Yogyakarta', 'satuan_kerja': None}
-|Pengadaan Barang|Kecil|Rp 349.852.000|2022|{'pengumuman_pascakualifikasi': {'mulai': '9 Sep 2022', 'akhir': '14 Sep 2022'}, 'download_dokumen_pengadaan': {'mulai': '9 Sep 2022', 'akhir': '19 Sep 2022'}, 'pemberian_penjelasan': {'mulai': '13 Sep 2022', 'akhir': '13 Sep 2022'}, 'upload_dokumen_penawaran': {'mulai': '13 Sep 2022', 'akhir': '19 Sep 2022'}, 'pembukaan_dokumen_penawaran': {'mulai': '19 Sep 2022', 'akhir': '19 Sep 2022'}, 'tidak_ada_jadwal': {'mulai': '19 Sep 2022', 'akhir': '19 Sep 2022'}, 'pembuktian_kualifikasi': {'mulai': '19 Sep 2022', 'akhir': '19 Sep 2022'}, 'penetapan_pemenang': {'mulai': '19 Sep 2022', 'akhir': '19 Sep 2022'}, 'pengumuman_pemenang': {'mulai': '19 Sep 2022', 'akhir': '19 Sep 2022'}, 'masa_sanggah_hasil_lelang': {'mulai': '20 Sep 2022', 'akhir': '26 Sep 2022'}, 'surat_penunjukan_penyedia_barangjasa': {'mulai': '26 Sep 2022', 'akhir': '26 Okt 2022'}, 'penandatanganan_kontrak': {'mulai': '27 Sep 2022', 'akhir': '27 Sep 2022'}}|||{'nama_tender': 'Belanja Hibah Kepada Badan dan Lembaga nirlaba, Sukarela Bersifat Sosial Kemasyarakatan Berupa Penanaman Pohon', 'nilai_HPS': 'Rp 349.852.000', 'nilai_pagu': 'Rp 350.000.000', 'Instansi': '-', 'kualifikasi_usaha': 'Kecil', 'kategori': 'Pengadaan Barang', 'metode_tender': '', 'tahun_anggaran': '2022', 'metode_evaluasi': 'Sistem Gugur', 'lokasi_pengerjaan': 'Kabupaten Gunungkidul-Gunung Kidul (Kab.)-DI Yogyakarta', 'satuan_kerja': None}
-|Pekerjaan Konstruksi|Kecil|Rp 499.516.000|2022|{'pengumuman_pascakualifikasi': {'mulai': '12 Agu 2022', 'akhir': '18 Agu 2022'}, 'download_dokumen_pengadaan': {'mulai': '12 Agu 2022', 'akhir': '19 Agu 2022'}, 'pemberian_penjelasan': {'mulai': '15 Agu 2022', 'akhir': '15 Agu 2022'}, 'upload_dokumen_penawaran': {'mulai': '15 Agu 2022', 'akhir': '19 Agu 2022'}, 'pembukaan_dokumen_penawaran': {'mulai': '19 Agu 2022', 'akhir': '8 Sep 2022'}, 'tidak_ada_jadwal': {'mulai': '19 Agu 2022', 'akhir': '8 Sep 2022'}, 'pembuktian_kualifikasi': {'mulai': '19 Agu 2022', 'akhir': '8 Sep 2022'}, 'penetapan_pemenang': {'mulai': '9 Sep 2022', 'akhir': '9 Sep 2022'}, 'pengumuman_pemenang': {'mulai': '9 Sep 2022', 'akhir': '9 Sep 2022'}, 'masa_sanggah_hasil_lelang': {'mulai': '9 Sep 2022', 'akhir': '14 Sep 2022'}, 'surat_penunjukan_penyedia_barangjasa': {'mulai': '15 Sep 2022', 'akhir': '21 Sep 2022'}, 'penandatanganan_kontrak': {'mulai': '19 Sep 2022', 'akhir': '7 Okt 2022'}}|||{'nama_tender': 'Kalinangka - Cerme 1.07.03.004', 'nilai_HPS': 'Rp 499.516.000', 'nilai_pagu': 'Rp 500.000.000', 'Instansi': '-', 'kualifikasi_usaha': 'Kecil', 'kategori': 'Pekerjaan Konstruksi', 'metode_tender': '', 'tahun_anggaran': '2022', 'metode_evaluasi': 'Sistem Gugur', 'lokasi_pengerjaan': 'kab. kulon progo-Kulon Progo (Kab.)-DI Yogyakarta', 'satuan_kerja': None}
-|Pengadaan Barang|Kecil|Rp 300.000.000|2022|{'pengumuman_pascakualifikasi': {'mulai': '26 Sep 2022', 'akhir': '1 Okt 2022'}, 'download_dokumen_pengadaan': {'mulai': '26 Sep 2022', 'akhir': '5 Okt 2022'}, 'pemberian_penjelasan': {'mulai': '29 Sep 2022', 'akhir': '29 Sep 2022'}, 'upload_dokumen_penawaran': {'mulai': '29 Sep 2022', 'akhir': '5 Okt 2022'}, 'pembukaan_dokumen_penawaran': {'mulai': '5 Okt 2022', 'akhir': '11 Okt 2022'}, 'tidak_ada_jadwal': {'mulai': '5 Okt 2022', 'akhir': '11 Okt 2022'}, 'pembuktian_kualifikasi': {'mulai': '5 Okt 2022', 'akhir': '11 Okt 2022'}, 'penetapan_pemenang': {'mulai': '11 Okt 2022', 'akhir': '11 Okt 2022'}, 'pengumuman_pemenang': {'mulai': '11 Okt 2022', 'akhir': '11 Okt 2022'}, 'masa_sanggah_hasil_lelang': {'mulai': '12 Okt 2022', 'akhir': '17 Okt 2022'}, 'surat_penunjukan_penyedia_barangjasa': {'mulai': '17 Okt 2022', 'akhir': '18 Okt 2022'}, 'penandatanganan_kontrak': {'mulai': '19 Okt 2022', 'akhir': '21 Okt 2022'}}|||{'nama_tender': 'Belanja Bahan Bangunan Untuk Pengembangan Jaringan Distribusi dan Sambungan Rumah (SR) Kalurahan Sampang Kapanewon Gedangsari Pendamping PAMSIMAS APBN 2022', 'nilai_HPS': 'Rp 300.000.000', 'nilai_pagu': 'Rp 300.000.000', 'Instansi': '-', 'kualifikasi_usaha': 'Kecil', 'kategori': 'Pengadaan Barang', 'metode_tender': '', 'tahun_anggaran': '2022', 'metode_evaluasi': 'Sistem Gugur', 'lokasi_pengerjaan': 'Kalurahan Sampang Kapanewon Gedangsari-Gunung Kidul (Kab.)-DI Yogyakarta', 'satuan_kerja': None}
-|Pekerjaan Konstruksi|Kecil|Rp 349.683.000|2022|{'pengumuman_pascakualifikasi': {'mulai': '26 Sep 2022', 'akhir': '2 Okt 2022'}, 'download_dokumen_pengadaan': {'mulai': '26 Sep 2022', 'akhir': '4 Okt 2022'}, 'pemberian_penjelasan': {'mulai': '28 Sep 2022', 'akhir': '28 Sep 2022'}, 'upload_dokumen_penawaran': {'mulai': '28 Sep 2022', 'akhir': '4 Okt 2022'}, 'pembukaan_dokumen_penawaran': {'mulai': '4 Okt 2022', 'akhir': '6 Okt 2022'}, 'tidak_ada_jadwal': {'mulai': '4 Okt 2022', 'akhir': '6 Okt 2022'}, 'pembuktian_kualifikasi': {'mulai': '4 Okt 2022', 'akhir': '6 Okt 2022'}, 'penetapan_pemenang': {'mulai': '7 Okt 2022', 'akhir': '7 Okt 2022'}, 'pengumuman_pemenang': {'mulai': '7 Okt 2022', 'akhir': '7 Okt 2022'}, 'masa_sanggah_hasil_lelang': {'mulai': '8 Okt 2022', 'akhir': '13 Okt 2022'}, 'surat_penunjukan_penyedia_barangjasa': {'mulai': '13 Okt 2022', 'akhir': '13 Okt 2022'}, 'penandatanganan_kontrak': {'mulai': '14 Okt 2022', 'akhir': '19 Okt 2022'}}|||{'nama_tender': 'Pengadaan Konstruksi Videotron', 'nilai_HPS': 'Rp 349.683.000', 'nilai_pagu': 'Rp 350.300.000', 'Instansi': '-', 'kualifikasi_usaha': 'Kecil', 'kategori': 'Pekerjaan Konstruksi', 'metode_tender': '', 'tahun_anggaran': '2022', 'metode_evaluasi': 'Sistem Gugur', 'lokasi_pengerjaan': 'Kabupaten Gunungkidul-Gunung Kidul (Kab.)-DI Yogyakarta', 'satuan_kerja': None}
-|Pekerjaan Konstruksi|Kecil|Rp 399.822.000|2022|{'pengumuman_pascakualifikasi': {'mulai': '12 Agu 2022', 'akhir': '18 Agu 2022'}, 'download_dokumen_pengadaan': {'mulai': '12 Agu 2022', 'akhir': '19 Agu 2022'}, 'pemberian_penjelasan': {'mulai': '15 Agu 2022', 'akhir': '15 Agu 2022'}, 'upload_dokumen_penawaran': {'mulai': '15 Agu 2022', 'akhir': '19 Agu 2022'}, 'pembukaan_dokumen_penawaran': {'mulai': '19 Agu 2022', 'akhir': '8 Sep 2022'}, 'tidak_ada_jadwal': {'mulai': '19 Agu 2022', 'akhir': '8 Sep 2022'}, 'pembuktian_kualifikasi': {'mulai': '19 Agu 2022', 'akhir': '8 Sep 2022'}, 'penetapan_pemenang': {'mulai': '9 Sep 2022', 'akhir': '9 Sep 2022'}, 'pengumuman_pemenang': {'mulai': '9 Sep 2022', 'akhir': '9 Sep 2022'}, 'masa_sanggah_hasil_lelang': {'mulai': '9 Sep 2022', 'akhir': '14 Sep 2022'}, 'surat_penunjukan_penyedia_barangjasa': {'mulai': '15 Sep 2022', 'akhir': '21 Sep 2022'}, 'penandatanganan_kontrak': {'mulai': '19 Sep 2022', 'akhir': '7 Okt 2022'}}|||{'nama_tender': 'Ruas jalan 2.02.05.005 (Sebokarang-Tambak)', 'nilai_HPS': 'Rp 399.822.000', 'nilai_pagu': 'Rp 400.000.000', 'Instansi': '-', 'kualifikasi_usaha': 'Kecil', 'kategori': 'Pekerjaan Konstruksi', 'metode_tender': '', 'tahun_anggaran': '2022', 'metode_evaluasi': 'Sistem Gugur', 'lokasi_pengerjaan': 'kab. kulon progo-Kulon Progo (Kab.)-DI Yogyakarta', 'satuan_kerja': None}
-|Pekerjaan Konstruksi|Kecil|Rp 499.511.000|2022|{'pengumuman_pascakualifikasi': {'mulai': '12 Agu 2022', 'akhir': '18 Agu 2022'}, 'download_dokumen_pengadaan': {'mulai': '12 Agu 2022', 'akhir': '19 Agu 2022'}, 'pemberian_penjelasan': {'mulai': '15 Agu 2022', 'akhir': '15 Agu 2022'}, 'upload_dokumen_penawaran': {'mulai': '15 Agu 2022', 'akhir': '19 Agu 2022'}, 'pembukaan_dokumen_penawaran': {'mulai': '19 Agu 2022', 'akhir': '8 Sep 2022'}, 'tidak_ada_jadwal': {'mulai': '19 Agu 2022', 'akhir': '8 Sep 2022'}, 'pembuktian_kualifikasi': {'mulai': '19 Agu 2022', 'akhir': '8 Sep 2022'}, 'penetapan_pemenang': {'mulai': '9 Sep 2022', 'akhir': '9 Sep 2022'}, 'pengumuman_pemenang': {'mulai': '9 Sep 2022', 'akhir': '9 Sep 2022'}, 'masa_sanggah_hasil_lelang': {'mulai': '9 Sep 2022', 'akhir': '14 Sep 2022'}, 'surat_penunjukan_penyedia_barangjasa': {'mulai': '15 Sep 2022', 'akhir': '21 Sep 2022'}, 'penandatanganan_kontrak': {'mulai': '19 Sep 2022', 'akhir': '7 Okt 2022'}}|||{'nama_tender': 'Banggan - Salamrejo 2.06.05.006', 'nilai_HPS': 'Rp 499.511.000', 'nilai_pagu': 'Rp 500.000.000', 'Instansi': '-', 'kualifikasi_usaha': 'Kecil', 'kategori': 'Pekerjaan Konstruksi', 'metode_tender': '', 'tahun_anggaran': '2022', 'metode_evaluasi': 'Sistem Gugur', 'lokasi_pengerjaan': 'kab. kulon progo-Kulon Progo (Kab.)-DI Yogyakarta', 'satuan_kerja': None}
-|Pekerjaan Konstruksi|Kecil|Rp 399.512.000|2022|{'pengumuman_pascakualifikasi': {'mulai': '12 Agu 2022', 'akhir': '18 Agu 2022'}, 'download_dokumen_pengadaan': {'mulai': '12 Agu 2022', 'akhir': '19 Agu 2022'}, 'pemberian_penjelasan': {'mulai': '15 Agu 2022', 'akhir': '15 Agu 2022'}, 'upload_dokumen_penawaran': {'mulai': '15 Agu 2022', 'akhir': '19 Agu 2022'}, 'pembukaan_dokumen_penawaran': {'mulai': '19 Agu 2022', 'akhir': '8 Sep 2022'}, 'tidak_ada_jadwal': {'mulai': '19 Agu 2022', 'akhir': '8 Sep 2022'}, 'pembuktian_kualifikasi': {'mulai': '19 Agu 2022', 'akhir': '8 Sep 2022'}, 'penetapan_pemenang': {'mulai': '9 Sep 2022', 'akhir': '9 Sep 2022'}, 'pengumuman_pemenang': {'mulai': '9 Sep 2022', 'akhir': '9 Sep 2022'}, 'masa_sanggah_hasil_lelang': {'mulai': '9 Sep 2022', 'akhir': '14 Sep 2022'}, 'surat_penunjukan_penyedia_barangjasa': {'mulai': '15 Sep 2022', 'akhir': '21 Sep 2022'}, 'penandatanganan_kontrak': {'mulai': '19 Sep 2022', 'akhir': '7 Okt 2022'}}|||{'nama_tender': 'Goa Maria - Patihombo 2.09.04.002', 'nilai_HPS': 'Rp 399.512.000', 'nilai_pagu': 'Rp 400.000.000', 'Instansi': '-', 'kualifikasi_usaha': 'Kecil', 'kategori': 'Pekerjaan Konstruksi', 'metode_tender': '', 'tahun_anggaran': '2022', 'metode_evaluasi': 'Sistem Gugur', 'lokasi_pengerjaan': 'kab. kulon progo-Kulon Progo (Kab.)-DI Yogyakarta', 'satuan_kerja': None}
-|Pengadaan Barang|Kecil|Rp 221.602.920|2022|{'pengumuman_pascakualifikasi': {'mulai': '23 Agu 2022', 'akhir': '29 Agu 2022'}, 'download_dokumen_pengadaan': {'mulai': '23 Agu 2022', 'akhir': '31 Agu 2022'}, 'pemberian_penjelasan': {'mulai': '26 Agu 2022', 'akhir': '26 Agu 2022'}, 'upload_dokumen_penawaran': {'mulai': '26 Agu 2022', 'akhir': '31 Agu 2022'}, 'pembukaan_dokumen_penawaran': {'mulai': '31 Agu 2022', 'akhir': '7 Sep 2022'}, 'tidak_ada_jadwal': {'mulai': '31 Agu 2022', 'akhir': '7 Sep 2022'}, 'pembuktian_kualifikasi': {'mulai': '5 Sep 2022', 'akhir': '7 Sep 2022'}, 'penetapan_pemenang': {'mulai': '8 Sep 2022', 'akhir': '8 Sep 2022'}, 'pengumuman_pemenang': {'mulai': '8 Sep 2022', 'akhir': '8 Sep 2022'}, 'masa_sanggah_hasil_lelang': {'mulai': '8 Sep 2022', 'akhir': '13 Sep 2022'}, 'surat_penunjukan_penyedia_barangjasa': {'mulai': '14 Sep 2022', 'akhir': '21 Sep 2022'}, 'penandatanganan_kontrak': {'mulai': '16 Sep 2022', 'akhir': '23 Sep 2022'}}|||{'nama_tender': 'Belanja Hibah  Barang Kepada Badan dan Lembaga Nirlaba, Sukarela dan Sosial yang Telah Memiliki Surat Keterangan Terdaftar - Pengembangan Ternak Kambing-Belanja Barang dan / Jasa  yang Diserahkan Kepada Masyarakat Pihak Ketiga-Hibah Kambing Bligon', 'nilai_HPS': 'Rp 221.602.920', 'nilai_pagu': 'Rp 226.296.000', 'Instansi': '-', 'kualifikasi_usaha': 'Kecil', 'kategori': 'Pengadaan Barang', 'metode_tender': '', 'tahun_anggaran': '2022', 'metode_evaluasi': 'Sistem Gugur', 'lokasi_pengerjaan': 'Kulon Progo-Kulon Progo (Kab.)-DI Yogyakarta', 'satuan_kerja': None}
-|Pekerjaan Konstruksi|Kecil|Rp 399.840.000|2022|{'pengumuman_pascakualifikasi': {'mulai': '15 Sep 2022', 'akhir': '21 Sep 2022'}, 'download_dokumen_pengadaan': {'mulai': '15 Sep 2022', 'akhir': '22 Sep 2022'}, 'pemberian_penjelasan': {'mulai': '19 Sep 2022', 'akhir': '19 Sep 2022'}, 'upload_dokumen_penawaran': {'mulai': '19 Sep 2022', 'akhir': '22 Sep 2022'}, 'pembukaan_dokumen_penawaran': {'mulai': '22 Sep 2022', 'akhir': '27 Sep 2022'}, 'tidak_ada_jadwal': {'mulai': '22 Sep 2022', 'akhir': '27 Sep 2022'}, 'pembuktian_kualifikasi': {'mulai': '22 Sep 2022', 'akhir': '27 Sep 2022'}, 'penetapan_pemenang': {'mulai': '28 Sep 2022', 'akhir': '28 Sep 2022'}, 'pengumuman_pemenang': {'mulai': '28 Sep 2022', 'akhir': '28 Sep 2022'}, 'masa_sanggah_hasil_lelang': {'mulai': '28 Sep 2022', 'akhir': '3 Okt 2022'}, 'surat_penunjukan_penyedia_barangjasa': {'mulai': '4 Okt 2022', 'akhir': '14 Okt 2022'}, 'penandatanganan_kontrak': {'mulai': '5 Okt 2022', 'akhir': '25 Okt 2022'}}|||{'nama_tender': 'Jalan Pedukuhan III - Prembulan 2.04.06.003;', 'nilai_HPS': 'Rp 399.840.000', 'nilai_pagu': 'Rp 400.000.000', 'Instansi': '-', 'kualifikasi_usaha': 'Kecil', 'kategori': 'Pekerjaan Konstruksi', 'metode_tender': '', 'tahun_anggaran': '2022', 'metode_evaluasi': 'Sistem Gugur', 'lokasi_pengerjaan': 'kab. kulon progo-Kulon Progo (Kab.)-DI Yogyakarta', 'satuan_kerja': None}
-|Pekerjaan Konstruksi|Kecil|Rp 299.685.000|2022|{'pengumuman_pascakualifikasi': {'mulai': '15 Sep 2022', 'akhir': '21 Sep 2022'}, 'download_dokumen_pengadaan': {'mulai': '15 Sep 2022', 'akhir': '22 Sep 2022'}, 'pemberian_penjelasan': {'mulai': '19 Sep 2022', 'akhir': '19 Sep 2022'}, 'upload_dokumen_penawaran': {'mulai': '19 Sep 2022', 'akhir': '22 Sep 2022'}, 'pembukaan_dokumen_penawaran': {'mulai': '22 Sep 2022', 'akhir': '27 Sep 2022'}, 'tidak_ada_jadwal': {'mulai': '22 Sep 2022', 'akhir': '27 Sep 2022'}, 'pembuktian_kualifikasi': {'mulai': '22 Sep 2022', 'akhir': '27 Sep 2022'}, 'penetapan_pemenang': {'mulai': '28 Sep 2022', 'akhir': '28 Sep 2022'}, 'pengumuman_pemenang': {'mulai': '28 Sep 2022', 'akhir': '28 Sep 2022'}, 'masa_sanggah_hasil_lelang': {'mulai': '28 Sep 2022', 'akhir': '3 Okt 2022'}, 'surat_penunjukan_penyedia_barangjasa': {'mulai': '4 Okt 2022', 'akhir': '14 Okt 2022'}, 'penandatanganan_kontrak': {'mulai': '5 Okt 2022', 'akhir': '25 Okt 2022'}}|||{'nama_tender': 'Clereng - Segajih 1.07.06.019', 'nilai_HPS': 'Rp 299.685.000', 'nilai_pagu': 'Rp 300.000.000', 'Instansi': '-', 'kualifikasi_usaha': 'Kecil', 'kategori': 'Pekerjaan Konstruksi', 'metode_tender': '', 'tahun_anggaran': '2022', 'metode_evaluasi': 'Sistem Gugur', 'lokasi_pengerjaan': 'kab. kulon progo-Kulon Progo (Kab.)-DI Yogyakarta', 'satuan_kerja': None}
-|Pekerjaan Konstruksi|Kecil|Rp 319.592.000|2022|{'pengumuman_pascakualifikasi': {'mulai': '12 Agu 2022', 'akhir': '18 Agu 2022'}, 'download_dokumen_pengadaan': {'mulai': '12 Agu 2022', 'akhir': '19 Agu 2022'}, 'pemberian_penjelasan': {'mulai': '15 Agu 2022', 'akhir': '15 Agu 2022'}, 'upload_dokumen_penawaran': {'mulai': '15 Agu 2022', 'akhir': '19 Agu 2022'}, 'pembukaan_dokumen_penawaran': {'mulai': '19 Agu 2022', 'akhir': '12 Sep 2022'}, 'tidak_ada_jadwal': {'mulai': '19 Agu 2022', 'akhir': '12 Sep 2022'}, 'pembuktian_kualifikasi': {'mulai': '19 Agu 2022', 'akhir': '12 Sep 2022'}, 'penetapan_pemenang': {'mulai': '12 Sep 2022', 'akhir': '12 Sep 2022'}, 'pengumuman_pemenang': {'mulai': '12 Sep 2022', 'akhir': '12 Sep 2022'}, 'masa_sanggah_hasil_lelang': {'mulai': '12 Sep 2022', 'akhir': '19 Sep 2022'}, 'surat_penunjukan_penyedia_barangjasa': {'mulai': '19 Sep 2022', 'akhir': '26 Sep 2022'}, 'penandatanganan_kontrak': {'mulai': '21 Sep 2022', 'akhir': '30 Okt 2022'}}|||{'nama_tender': 'Diran - Sp. Karangasem 1.05.04.007', 'nilai_HPS': 'Rp 319.592.000', 'nilai_pagu': 'Rp 320.000.000', 'Instansi': '-', 'kualifikasi_usaha': 'Kecil', 'kategori': 'Pekerjaan Konstruksi', 'metode_tender': '', 'tahun_anggaran': '2022', 'metode_evaluasi': 'Sistem Gugur', 'lokasi_pengerjaan': 'kab. kulon progo-Kulon Progo (Kab.)-DI Yogyakarta', 'satuan_kerja': None}
-|Pekerjaan Konstruksi|Kecil|Rp 399.039.000|2022|{'pengumuman_pascakualifikasi': {'mulai': '29 Agu 2022', 'akhir': '6 Sep 2022'}, 'download_dokumen_pengadaan': {'mulai': '29 Agu 2022', 'akhir': '6 Sep 2022'}, 'pemberian_penjelasan': {'mulai': '1 Sep 2022', 'akhir': '1 Sep 2022'}, 'upload_dokumen_penawaran': {'mulai': '1 Sep 2022', 'akhir': '6 Sep 2022'}, 'pembukaan_dokumen_penawaran': {'mulai': '6 Sep 2022', 'akhir': '8 Sep 2022'}, 'tidak_ada_jadwal': {'mulai': '6 Sep 2022', 'akhir': '8 Sep 2022'}, 'pembuktian_kualifikasi': {'mulai': '6 Sep 2022', 'akhir': '8 Sep 2022'}, 'penetapan_pemenang': {'mulai': '9 Sep 2022', 'akhir': '9 Sep 2022'}, 'pengumuman_pemenang': {'mulai': '9 Sep 2022', 'akhir': '9 Sep 2022'}, 'masa_sanggah_hasil_lelang': {'mulai': '9 Sep 2022', 'akhir': '14 Sep 2022'}, 'surat_penunjukan_penyedia_barangjasa': {'mulai': '15 Sep 2022', 'akhir': '21 Sep 2022'}, 'penandatanganan_kontrak': {'mulai': '19 Sep 2022', 'akhir': '7 Okt 2022'}}|||{'nama_tender': 'Gondangan - Karangasem 2.07.07.005', 'nilai_HPS': 'Rp 399.039.000', 'nilai_pagu': 'Rp 400.000.000', 'Instansi': '-', 'kualifikasi_usaha': 'Kecil', 'kategori': 'Pekerjaan Konstruksi', 'metode_tender': '', 'tahun_anggaran': '2022', 'metode_evaluasi': 'Sistem Gugur', 'lokasi_pengerjaan': 'kab. kulon progo-Kulon Progo (Kab.)-DI Yogyakarta', 'satuan_kerja': None}
-|Pekerjaan Konstruksi|Kecil|Rp 382.755.796|2022|{'pengumuman_pascakualifikasi': {'mulai': '27 Sep 2022', 'akhir': '2 Okt 2022'}, 'download_dokumen_pengadaan': {'mulai': '27 Sep 2022', 'akhir': '3 Okt 2022'}, 'pemberian_penjelasan': {'mulai': '30 Sep 2022', 'akhir': '30 Sep 2022'}, 'upload_dokumen_penawaran': {'mulai': '30 Sep 2022', 'akhir': '3 Okt 2022'}, 'pembukaan_dokumen_penawaran': {'mulai': '3 Okt 2022', 'akhir': '3 Okt 2022'}, 'tidak_ada_jadwal': {'mulai': '4 Okt 2022', 'akhir': '18 Okt 2022'}, 'pembuktian_kualifikasi': {'mulai': '18 Okt 2022', 'akhir': '18 Okt 2022'}, 'penetapan_pemenang': {'mulai': '19 Okt 2022', 'akhir': '19 Okt 2022'}, 'pengumuman_pemenang': {'mulai': '19 Okt 2022', 'akhir': '19 Okt 2022'}, 'masa_sanggah_hasil_lelang': {'mulai': '19 Okt 2022', 'akhir': '24 Okt 2022'}, 'surat_penunjukan_penyedia_barangjasa': {'mulai': '25 Okt 2022', 'akhir': '1 Nov 2022'}, 'penandatanganan_kontrak': {'mulai': '26 Okt 2022', 'akhir': '9 Nov 2022'}}|||{'nama_tender': 'Peningkatan/Rehabilitasi Jalan Desa Paket 7', 'nilai_HPS': 'Rp 382.755.796', 'nilai_pagu': 'Rp 387.420.900', 'Instansi': '-', 'kualifikasi_usaha': 'Kecil', 'kategori': 'Pekerjaan Konstruksi', 'metode_tender': '', 'tahun_anggaran': '2022', 'metode_evaluasi': 'Sistem Gugur', 'lokasi_pengerjaan': 'Kapanewon Banguntapan-Bantul (Kab.)-DI Yogyakarta,Kapanewon Piyungan-Bantul (Kab.)-DI Yogyakarta', 'satuan_kerja': None}
-|Pekerjaan Konstruksi|Kecil|Rp 590.272.261|2022|{'pengumuman_pascakualifikasi': {'mulai': '27 Sep 2022', 'akhir': '2 Okt 2022'}, 'download_dokumen_pengadaan': {'mulai': '27 Sep 2022', 'akhir': '3 Okt 2022'}, 'pemberian_penjelasan': {'mulai': '30 Sep 2022', 'akhir': '30 Sep 2022'}, 'upload_dokumen_penawaran': {'mulai': '30 Sep 2022', 'akhir': '3 Okt 2022'}, 'pembukaan_dokumen_penawaran': {'mulai': '3 Okt 2022', 'akhir': '3 Okt 2022'}, 'tidak_ada_jadwal': {'mulai': '4 Okt 2022', 'akhir': '18 Okt 2022'}, 'pembuktian_kualifikasi': {'mulai': '18 Okt 2022', 'akhir': '18 Okt 2022'}, 'penetapan_pemenang': {'mulai': '19 Okt 2022', 'akhir': '19 Okt 2022'}, 'pengumuman_pemenang': {'mulai': '19 Okt 2022', 'akhir': '19 Okt 2022'}, 'masa_sanggah_hasil_lelang': {'mulai': '19 Okt 2022', 'akhir': '24 Okt 2022'}, 'surat_penunjukan_penyedia_barangjasa': {'mulai': '25 Okt 2022', 'akhir': '1 Nov 2022'}, 'penandatanganan_kontrak': {'mulai': '26 Okt 2022', 'akhir': '9 Nov 2022'}}|||{'nama_tender': 'Peningkatan/Rehabilitasi Jalan Desa Paket 5', 'nilai_HPS': 'Rp 590.272.261', 'nilai_pagu': 'Rp 597.274.500', 'Instansi': '-', 'kualifikasi_usaha': 'Kecil', 'kategori': 'Pekerjaan Konstruksi', 'metode_tender': '', 'tahun_anggaran': '2022', 'metode_evaluasi': 'Sistem Gugur', 'lokasi_pengerjaan': 'Kapanewon Kasihan-Bantul (Kab.)-DI Yogyakarta,Kapanewon Kasihan-Bantul (Kab.)-DI Yogyakarta,Kapanewon Pajangan-Bantul (Kab.)-DI Yogyakarta', 'satuan_kerja': None}
-|Pekerjaan Konstruksi|Kecil|Rp 695.374.057|2022|{'pengumuman_pascakualifikasi': {'mulai': '27 Sep 2022', 'akhir': '2 Okt 2022'}, 'download_dokumen_pengadaan': {'mulai': '27 Sep 2022', 'akhir': '3 Okt 2022'}, 'pemberian_penjelasan': {'mulai': '30 Sep 2022', 'akhir': '30 Sep 2022'}, 'upload_dokumen_penawaran': {'mulai': '30 Sep 2022', 'akhir': '3 Okt 2022'}, 'pembukaan_dokumen_penawaran': {'mulai': '3 Okt 2022', 'akhir': '3 Okt 2022'}, 'tidak_ada_jadwal': {'mulai': '4 Okt 2022', 'akhir': '18 Okt 2022'}, 'pembuktian_kualifikasi': {'mulai': '18 Okt 2022', 'akhir': '18 Okt 2022'}, 'penetapan_pemenang': {'mulai': '19 Okt 2022', 'akhir': '19 Okt 2022'}, 'pengumuman_pemenang': {'mulai': '19 Okt 2022', 'akhir': '19 Okt 2022'}, 'masa_sanggah_hasil_lelang': {'mulai': '19 Okt 2022', 'akhir': '24 Okt 2022'}, 'surat_penunjukan_penyedia_barangjasa': {'mulai': '25 Okt 2022', 'akhir': '1 Nov 2022'}, 'penandatanganan_kontrak': {'mulai': '26 Okt 2022', 'akhir': '9 Nov 2022'}}|||{'nama_tender': 'Peningkatan/Rehabilitasi Jalan Kabupaten Paket 5', 'nilai_HPS': 'Rp 695.374.057', 'nilai_pagu': 'Rp 696.344.200', 'Instansi': '-', 'kualifikasi_usaha': 'Kecil', 'kategori': 'Pekerjaan Konstruksi', 'metode_tender': '', 'tahun_anggaran': '2022', 'metode_evaluasi': 'Sistem Gugur', 'lokasi_pengerjaan': 'Kapanewon Sedayu-Bantul (Kab.)-DI Yogyakarta,Kapanewon Sedayu-Bantul (Kab.)-DI Yogyakarta,Kapanewon Sedayu-Bantul (Kab.)-DI Yogyakarta,Kapanewon Sedayu-Bantul (Kab.)-DI Yogyakarta', 'satuan_kerja': None}
-|Pekerjaan Konstruksi|Kecil|Rp 789.711.178|2022|{'pengumuman_pascakualifikasi': {'mulai': '27 Sep 2022', 'akhir': '2 Okt 2022'}, 'download_dokumen_pengadaan': {'mulai': '27 Sep 2022', 'akhir': '3 Okt 2022'}, 'pemberian_penjelasan': {'mulai': '30 Sep 2022', 'akhir': '30 Sep 2022'}, 'upload_dokumen_penawaran': {'mulai': '30 Sep 2022', 'akhir': '3 Okt 2022'}, 'pembukaan_dokumen_penawaran': {'mulai': '3 Okt 2022', 'akhir': '3 Okt 2022'}, 'tidak_ada_jadwal': {'mulai': '4 Okt 2022', 'akhir': '18 Okt 2022'}, 'pembuktian_kualifikasi': {'mulai': '18 Okt 2022', 'akhir': '18 Okt 2022'}, 'penetapan_pemenang': {'mulai': '19 Okt 2022', 'akhir': '19 Okt 2022'}, 'pengumuman_pemenang': {'mulai': '19 Okt 2022', 'akhir': '19 Okt 2022'}, 'masa_sanggah_hasil_lelang': {'mulai': '19 Okt 2022', 'akhir': '24 Okt 2022'}, 'surat_penunjukan_penyedia_barangjasa': {'mulai': '25 Okt 2022', 'akhir': '1 Nov 2022'}, 'penandatanganan_kontrak': {'mulai': '26 Okt 2022', 'akhir': '9 Nov 2022'}}|||{'nama_tender': 'Peningkatan/Rehabilitasi Jalan Kabupaten Paket 2', 'nilai_HPS': 'Rp 789.711.178', 'nilai_pagu': 'Rp 791.606.400', 'Instansi': '-', 'kualifikasi_usaha': 'Kecil', 'kategori': 'Pekerjaan Konstruksi', 'metode_tender': '', 'tahun_anggaran': '2022', 'metode_evaluasi': 'Sistem Gugur', 'lokasi_pengerjaan': 'Kapanewon Sewon-Bantul (Kab.)-DI Yogyakarta,Kapanewon Bantul-Bantul (Kab.)-DI Yogyakarta,Kapanewon Bantul-Bantul (Kab.)-DI Yogyakarta,Kapanewon Bantul-Bantul (Kab.)-DI Yogyakarta', 'satuan_kerja': None}
-|Pekerjaan Konstruksi|Kecil|Rp 583.051.274|2022|{'pengumuman_pascakualifikasi': {'mulai': '27 Sep 2022', 'akhir': '2 Okt 2022'}, 'download_dokumen_pengadaan': {'mulai': '27 Sep 2022', 'akhir': '3 Okt 2022'}, 'pemberian_penjelasan': {'mulai': '30 Sep 2022', 'akhir': '30 Sep 2022'}, 'upload_dokumen_penawaran': {'mulai': '30 Sep 2022', 'akhir': '3 Okt 2022'}, 'pembukaan_dokumen_penawaran': {'mulai': '3 Okt 2022', 'akhir': '3 Okt 2022'}, 'tidak_ada_jadwal': {'mulai': '4 Okt 2022', 'akhir': '18 Okt 2022'}, 'pembuktian_kualifikasi': {'mulai': '18 Okt 2022', 'akhir': '18 Okt 2022'}, 'penetapan_pemenang': {'mulai': '19 Okt 2022', 'akhir': '19 Okt 2022'}, 'pengumuman_pemenang': {'mulai': '19 Okt 2022', 'akhir': '19 Okt 2022'}, 'masa_sanggah_hasil_lelang': {'mulai': '19 Okt 2022', 'akhir': '24 Okt 2022'}, 'surat_penunjukan_penyedia_barangjasa': {'mulai': '25 Okt 2022', 'akhir': '1 Nov 2022'}, 'penandatanganan_kontrak': {'mulai': '26 Okt 2022', 'akhir': '9 Nov 2022'}}|||{'nama_tender': 'Peningkatan/Rehabilitasi Jalan Desa Paket 8', 'nilai_HPS': 'Rp 583.051.274', 'nilai_pagu': 'Rp 589.317.300', 'Instansi': '-', 'kualifikasi_usaha': 'Kecil', 'kategori': 'Pekerjaan Konstruksi', 'metode_tender': '', 'tahun_anggaran': '2022', 'metode_evaluasi': 'Sistem Gugur', 'lokasi_pengerjaan': 'Kapanewon Pleret-Bantul (Kab.)-DI Yogyakarta,Kecamatan Pleret-Bantul (Kab.)-DI Yogyakarta,Kecamatan Pleret-Bantul (Kab.)-DI Yogyakarta', 'satuan_kerja': None}
-|Pekerjaan Konstruksi|Kecil|Rp 457.409.126|2022|{'pengumuman_pascakualifikasi': {'mulai': '27 Sep 2022', 'akhir': '2 Okt 2022'}, 'download_dokumen_pengadaan': {'mulai': '27 Sep 2022', 'akhir': '3 Okt 2022'}, 'pemberian_penjelasan': {'mulai': '30 Sep 2022', 'akhir': '30 Sep 2022'}, 'upload_dokumen_penawaran': {'mulai': '30 Sep 2022', 'akhir': '3 Okt 2022'}, 'pembukaan_dokumen_penawaran': {'mulai': '3 Okt 2022', 'akhir': '3 Okt 2022'}, 'tidak_ada_jadwal': {'mulai': '4 Okt 2022', 'akhir': '18 Okt 2022'}, 'pembuktian_kualifikasi': {'mulai': '18 Okt 2022', 'akhir': '18 Okt 2022'}, 'penetapan_pemenang': {'mulai': '19 Okt 2022', 'akhir': '19 Okt 2022'}, 'pengumuman_pemenang': {'mulai': '19 Okt 2022', 'akhir': '19 Okt 2022'}, 'masa_sanggah_hasil_lelang': {'mulai': '19 Okt 2022', 'akhir': '24 Okt 2022'}, 'surat_penunjukan_penyedia_barangjasa': {'mulai': '25 Okt 2022', 'akhir': '1 Nov 2022'}, 'penandatanganan_kontrak': {'mulai': '26 Okt 2022', 'akhir': '9 Nov 2022'}}|||{'nama_tender': 'Peningkatan/Rehabilitasi Jalan Desa Paket 4', 'nilai_HPS': 'Rp 457.409.126', 'nilai_pagu': 'Rp 496.911.700', 'Instansi': '-', 'kualifikasi_usaha': 'Kecil', 'kategori': 'Pekerjaan Konstruksi', 'metode_tender': '', 'tahun_anggaran': '2022', 'metode_evaluasi': 'Sistem Gugur', 'lokasi_pengerjaan': 'Kapanewon Bantul-Bantul (Kab.)-DI Yogyakarta,Kapanewon Kasihan-Bantul (Kab.)-DI Yogyakarta,Kapanewon Kasihan-Bantul (Kab.)-DI Yogyakarta', 'satuan_kerja': None}
-|Pekerjaan Konstruksi|Kecil|Rp 774.027.849|2022|{'pengumuman_pascakualifikasi': {'mulai': '27 Sep 2022', 'akhir': '2 Okt 2022'}, 'download_dokumen_pengadaan': {'mulai': '27 Sep 2022', 'akhir': '3 Okt 2022'}, 'pemberian_penjelasan': {'mulai': '30 Sep 2022', 'akhir': '30 Sep 2022'}, 'upload_dokumen_penawaran': {'mulai': '30 Sep 2022', 'akhir': '3 Okt 2022'}, 'pembukaan_dokumen_penawaran': {'mulai': '3 Okt 2022', 'akhir': '3 Okt 2022'}, 'tidak_ada_jadwal': {'mulai': '4 Okt 2022', 'akhir': '18 Okt 2022'}, 'pembuktian_kualifikasi': {'mulai': '18 Okt 2022', 'akhir': '18 Okt 2022'}, 'penetapan_pemenang': {'mulai': '19 Okt 2022', 'akhir': '19 Okt 2022'}, 'pengumuman_pemenang': {'mulai': '19 Okt 2022', 'akhir': '19 Okt 2022'}, 'masa_sanggah_hasil_lelang': {'mulai': '19 Okt 2022', 'akhir': '24 Okt 2022'}, 'surat_penunjukan_penyedia_barangjasa': {'mulai': '25 Okt 2022', 'akhir': '1 Nov 2022'}, 'penandatanganan_kontrak': {'mulai': '26 Okt 2022', 'akhir': '9 Nov 2022'}}|||{'nama_tender': 'Peningkatan/Rehabilitasi Jalan Kabupaten Paket 6', 'nilai_HPS': 'Rp 774.027.849', 'nilai_pagu': 'Rp 775.054.200', 'Instansi': '-', 'kualifikasi_usaha': 'Kecil', 'kategori': 'Pekerjaan Konstruksi', 'metode_tender': '', 'tahun_anggaran': '2022', 'metode_evaluasi': 'Sistem Gugur', 'lokasi_pengerjaan': 'Kapanewon Pundong-Bantul (Kab.)-DI Yogyakarta,Kapanewon Imogiri-Bantul (Kab.)-DI Yogyakarta,Kapanewon Imogiri-Bantul (Kab.)-DI Yogyakarta,Kapanewon Pundong-Bantul (Kab.)-DI Yogyakarta', 'satuan_kerja': None}
-|Pekerjaan Konstruksi|Kecil|Rp 523.686.697|2022|{'pengumuman_pascakualifikasi': {'mulai': '27 Sep 2022', 'akhir': '2 Okt 2022'}, 'download_dokumen_pengadaan': {'mulai': '27 Sep 2022', 'akhir': '3 Okt 2022'}, 'pemberian_penjelasan': {'mulai': '30 Sep 2022', 'akhir': '30 Sep 2022'}, 'upload_dokumen_penawaran': {'mulai': '30 Sep 2022', 'akhir': '3 Okt 2022'}, 'pembukaan_dokumen_penawaran': {'mulai': '3 Okt 2022', 'akhir': '3 Okt 2022'}, 'tidak_ada_jadwal': {'mulai': '4 Okt 2022', 'akhir': '18 Okt 2022'}, 'pembuktian_kualifikasi': {'mulai': '18 Okt 2022', 'akhir': '18 Okt 2022'}, 'penetapan_pemenang': {'mulai': '19 Okt 2022', 'akhir': '19 Okt 2022'}, 'pengumuman_pemenang': {'mulai': '19 Okt 2022', 'akhir': '19 Okt 2022'}, 'masa_sanggah_hasil_lelang': {'mulai': '19 Okt 2022', 'akhir': '24 Okt 2022'}, 'surat_penunjukan_penyedia_barangjasa': {'mulai': '25 Okt 2022', 'akhir': '1 Nov 2022'}, 'penandatanganan_kontrak': {'mulai': '26 Okt 2022', 'akhir': '9 Nov 2022'}}|||{'nama_tender': 'Peningkatan/Rehabilitasi Jalan Kabupaten Paket 1', 'nilai_HPS': 'Rp 523.686.697', 'nilai_pagu': 'Rp 524.734.000', 'Instansi': '-', 'kualifikasi_usaha': 'Kecil', 'kategori': 'Pekerjaan Konstruksi', 'metode_tender': '', 'tahun_anggaran': '2022', 'metode_evaluasi': 'Sistem Gugur', 'lokasi_pengerjaan': 'Kapanewon Pajangan-Bantul (Kab.)-DI Yogyakarta,Kapanewon Bambanglipuro-Bantul (Kab.)-DI Yogyakarta,Kapanewon Sanden-Bantul (Kab.)-DI Yogyakarta', 'satuan_kerja': None}
-|Pengadaan Barang|Kecil|Rp 224.675.100|2022|{'pengumuman_pascakualifikasi': {'mulai': '4 Okt 2022', 'akhir': '11 Okt 2022'}, 'download_dokumen_pengadaan': {'mulai': '4 Okt 2022', 'akhir': '14 Okt 2022'}, 'pemberian_penjelasan': {'mulai': '7 Okt 2022', 'akhir': '7 Okt 2022'}, 'upload_dokumen_penawaran': {'mulai': '7 Okt 2022', 'akhir': '14 Okt 2022'}, 'pembukaan_dokumen_penawaran': {'mulai': '14 Okt 2022', 'akhir': '21 Okt 2022'}, 'tidak_ada_jadwal': {'mulai': '14 Okt 2022', 'akhir': '21 Okt 2022'}, 'pembuktian_kualifikasi': {'mulai': '14 Okt 2022', 'akhir': '21 Okt 2022'}, 'penetapan_pemenang': {'mulai': '21 Okt 2022', 'akhir': '21 Okt 2022'}, 'pengumuman_pemenang': {'mulai': '21 Okt 2022', 'akhir': '21 Okt 2022'}, 'masa_sanggah_hasil_lelang': {'mulai': '22 Okt 2022', 'akhir': '27 Okt 2022'}, 'surat_penunjukan_penyedia_barangjasa': {'mulai': '27 Okt 2022', 'akhir': '28 Okt 2022'}, 'penandatanganan_kontrak': {'mulai': '31 Okt 2022', 'akhir': '1 Nov 2022'}}|||{'nama_tender': 'Belanja Bantuan Sosial Barang yang Direncanakan kepada Keluarga', 'nilai_HPS': 'Rp 224.675.100', 'nilai_pagu': 'Rp 225.000.000', 'Instansi': '-', 'kualifikasi_usaha': 'Kecil', 'kategori': 'Pengadaan Barang', 'metode_tender': '', 'tahun_anggaran': '2022', 'metode_evaluasi': 'Sistem Gugur', 'lokasi_pengerjaan': 'Kapanewon Rongkop-Gunung Kidul (Kab.)-DI Yogyakarta', 'satuan_kerja': None}
-|Pekerjaan Konstruksi|Kecil|Rp 323.738.921|2022|{'pengumuman_pascakualifikasi': {'mulai': '27 Sep 2022', 'akhir': '2 Okt 2022'}, 'download_dokumen_pengadaan': {'mulai': '27 Sep 2022', 'akhir': '3 Okt 2022'}, 'pemberian_penjelasan': {'mulai': '30 Sep 2022', 'akhir': '30 Sep 2022'}, 'upload_dokumen_penawaran': {'mulai': '30 Sep 2022', 'akhir': '3 Okt 2022'}, 'pembukaan_dokumen_penawaran': {'mulai': '3 Okt 2022', 'akhir': '3 Okt 2022'}, 'tidak_ada_jadwal': {'mulai': '4 Okt 2022', 'akhir': '18 Okt 2022'}, 'pembuktian_kualifikasi': {'mulai': '18 Okt 2022', 'akhir': '18 Okt 2022'}, 'penetapan_pemenang': {'mulai': '19 Okt 2022', 'akhir': '19 Okt 2022'}, 'pengumuman_pemenang': {'mulai': '19 Okt 2022', 'akhir': '19 Okt 2022'}, 'masa_sanggah_hasil_lelang': {'mulai': '19 Okt 2022', 'akhir': '24 Okt 2022'}, 'surat_penunjukan_penyedia_barangjasa': {'mulai': '25 Okt 2022', 'akhir': '1 Nov 2022'}, 'penandatanganan_kontrak': {'mulai': '26 Okt 2022', 'akhir': '9 Nov 2022'}}|||{'nama_tender': 'Peningkatan/Rehabilitasi Jalan Desa Paket 12', 'nilai_HPS': 'Rp 323.738.921', 'nilai_pagu': 'Rp 328.359.700', 'Instansi': '-', 'kualifikasi_usaha': 'Kecil', 'kategori': 'Pekerjaan Konstruksi', 'metode_tender': '', 'tahun_anggaran': '2022', 'metode_evaluasi': 'Sistem Gugur', 'lokasi_pengerjaan': 'Kapanewon Sewon-Bantul (Kab.)-DI Yogyakarta,Kapanewon Sewon-Bantul (Kab.)-DI Yogyakarta', 'satuan_kerja': None}
-|Pekerjaan Konstruksi|Kecil|Rp 224.995.914|2022|{'pengumuman_pascakualifikasi': {'mulai': '30 Jun 2022', 'akhir': '6 Jul 2022'}, 'download_dokumen_pengadaan': {'mulai': '30 Jun 2022', 'akhir': '7 Jul 2022'}, 'pemberian_penjelasan': {'mulai': '4 Jul 2022', 'akhir': '4 Jul 2022'}, 'upload_dokumen_penawaran': {'mulai': '4 Jul 2022', 'akhir': '7 Jul 2022'}, 'pembukaan_dokumen_penawaran': {'mulai': '7 Jul 2022', 'akhir': '12 Jul 2022'}, 'tidak_ada_jadwal': {'mulai': '7 Jul 2022', 'akhir': '12 Jul 2022'}, 'pembuktian_kualifikasi': {'mulai': '7 Jul 2022', 'akhir': '12 Jul 2022'}, 'penetapan_pemenang': {'mulai': '13 Jul 2022', 'akhir': '13 Jul 2022'}, 'pengumuman_pemenang': {'mulai': '13 Jul 2022', 'akhir': '13 Jul 2022'}, 'masa_sanggah_hasil_lelang': {'mulai': '13 Jul 2022', 'akhir': '18 Jul 2022'}, 'surat_penunjukan_penyedia_barangjasa': {'mulai': '19 Jul 2022', 'akhir': '22 Jul 2022'}, 'penandatanganan_kontrak': {'mulai': '20 Jul 2022', 'akhir': '3 Agu 2022'}}|||{'nama_tender': 'Rehab  SD Negeri Warungboto', 'nilai_HPS': 'Rp 224.995.914', 'nilai_pagu': 'Rp 225.000.000', 'Instansi': '-', 'kualifikasi_usaha': 'Kecil', 'kategori': 'Pekerjaan Konstruksi', 'metode_tender': '', 'tahun_anggaran': '2022', 'metode_evaluasi': 'Sistem Gugur', 'lokasi_pengerjaan': 'Warungboto, Umbulharjo-Yogyakarta (Kota)-DI Yogyakarta', 'satuan_kerja': None}
-|Pekerjaan Konstruksi|Kecil|Rp 998.848.000|2022|{'pengumuman_pascakualifikasi': {'mulai': '8 Jul 2022', 'akhir': '15 Jul 2022'}, 'download_dokumen_pengadaan': {'mulai': '8 Jul 2022', 'akhir': '15 Jul 2022'}, 'pemberian_penjelasan': {'mulai': '11 Jul 2022', 'akhir': '11 Jul 2022'}, 'upload_dokumen_penawaran': {'mulai': '11 Jul 2022', 'akhir': '15 Jul 2022'}, 'pembukaan_dokumen_penawaran': {'mulai': '15 Jul 2022', 'akhir': '22 Jul 2022'}, 'tidak_ada_jadwal': {'mulai': '15 Jul 2022', 'akhir': '22 Jul 2022'}, 'pembuktian_kualifikasi': {'mulai': '15 Jul 2022', 'akhir': '22 Jul 2022'}, 'penetapan_pemenang': {'mulai': '23 Jul 2022', 'akhir': '23 Jul 2022'}, 'pengumuman_pemenang': {'mulai': '23 Jul 2022', 'akhir': '23 Jul 2022'}, 'masa_sanggah_hasil_lelang': {'mulai': '23 Jul 2022', 'akhir': '28 Jul 2022'}, 'surat_penunjukan_penyedia_barangjasa': {'mulai': '29 Jul 2022', 'akhir': '4 Agu 2022'}, 'penandatanganan_kontrak': {'mulai': '1 Agu 2022', 'akhir': '15 Agu 2022'}}|||{'nama_tender': 'Rehab Fisik SD Negeri Keputran 1', 'nilai_HPS': 'Rp 998.848.000', 'nilai_pagu': 'Rp 999.972.000', 'Instansi': '-', 'kualifikasi_usaha': 'Kecil', 'kategori': 'Pekerjaan Konstruksi', 'metode_tender': '', 'tahun_anggaran': '2022', 'metode_evaluasi': 'Sistem Gugur', 'lokasi_pengerjaan': 'Dinas Kebudayaan Kota Yogyakarta-Yogyakarta (Kota)-DI Yogyakarta', 'satuan_kerja': None}
-|Pekerjaan Konstruksi|Kecil|Rp 399.968.000|2022|{'pengumuman_pascakualifikasi': {'mulai': '15 Sep 2022', 'akhir': '21 Sep 2022'}, 'download_dokumen_pengadaan': {'mulai': '15 Sep 2022', 'akhir': '22 Sep 2022'}, 'pemberian_penjelasan': {'mulai': '19 Sep 2022', 'akhir': '19 Sep 2022'}, 'upload_dokumen_penawaran': {'mulai': '19 Sep 2022', 'akhir': '22 Sep 2022'}, 'pembukaan_dokumen_penawaran': {'mulai': '22 Sep 2022', 'akhir': '27 Sep 2022'}, 'tidak_ada_jadwal': {'mulai': '22 Sep 2022', 'akhir': '27 Sep 2022'}, 'pembuktian_kualifikasi': {'mulai': '22 Sep 2022', 'akhir': '27 Sep 2022'}, 'penetapan_pemenang': {'mulai': '28 Sep 2022', 'akhir': '28 Sep 2022'}, 'pengumuman_pemenang': {'mulai': '28 Sep 2022', 'akhir': '28 Sep 2022'}, 'masa_sanggah_hasil_lelang': {'mulai': '28 Sep 2022', 'akhir': '3 Okt 2022'}, 'surat_penunjukan_penyedia_barangjasa': {'mulai': '4 Okt 2022', 'akhir': '14 Okt 2022'}, 'penandatanganan_kontrak': {'mulai': '5 Okt 2022', 'akhir': '25 Okt 2022'}}|||{'nama_tender': 'Stadion Cangkring - Tegal Lembut 2.02.07.003', 'nilai_HPS': 'Rp 399.968.000', 'nilai_pagu': 'Rp 400.000.000', 'Instansi': '-', 'kualifikasi_usaha': 'Kecil', 'kategori': 'Pekerjaan Konstruksi', 'metode_tender': '', 'tahun_anggaran': '2022', 'metode_evaluasi': 'Sistem Gugur', 'lokasi_pengerjaan': 'kab. kulon progo-Kulon Progo (Kab.)-DI Yogyakarta', 'satuan_kerja': None}
-|Jasa Lainnya|Kecil|Rp 509.000.000|2022|{'pengumuman_pascakualifikasi': {'mulai': None, 'akhir': None}, 'download_dokumen_pengadaan': {'mulai': None, 'akhir': None}, 'pemberian_penjelasan': {'mulai': '20 Jul 2022', 'akhir': '20 Jul 2022'}, 'upload_dokumen_penawaran': {'mulai': '20 Jul 2022', 'akhir': '22 Jul 2022'}, 'pembukaan_dokumen_penawaran': {'mulai': None, 'akhir': None}, 'tidak_ada_jadwal': {'mulai': None, 'akhir': None}, 'pembuktian_kualifikasi': {'mulai': None, 'akhir': None}, 'penetapan_pemenang': {'mulai': None, 'akhir': None}, 'pengumuman_pemenang': {'mulai': None, 'akhir': None}, 'masa_sanggah_hasil_lelang': {'mulai': None, 'akhir': None}, 'surat_penunjukan_penyedia_barangjasa': {'mulai': None, 'akhir': None}, 'penandatanganan_kontrak': {'mulai': None, 'akhir': None}}|||{'nama_tender': 'SEWA PERALATAN FESTIVAL SEKAR RINONCE', 'nilai_HPS': 'Rp 509.000.000', 'nilai_pagu': 'Rp 509.000.000', 'Instansi': '-', 'kualifikasi_usaha': 'Kecil', 'kategori': 'Jasa Lainnya', 'metode_tender': '', 'tahun_anggaran': '2022', 'metode_evaluasi': 'Sistem Gugur', 'lokasi_pengerjaan': 'DINAS KEBUDAYAAN KOTA-Yogyakarta (Kota)-DI Yogyakarta', 'satuan_kerja': None}
-|Pekerjaan Konstruksi|Kecil|Rp 984.306.011|2022|{'pengumuman_pascakualifikasi': {'mulai': '27 Sep 2022', 'akhir': '2 Okt 2022'}, 'download_dokumen_pengadaan': {'mulai': '27 Sep 2022', 'akhir': '3 Okt 2022'}, 'pemberian_penjelasan': {'mulai': '30 Sep 2022', 'akhir': '30 Sep 2022'}, 'upload_dokumen_penawaran': {'mulai': '30 Sep 2022', 'akhir': '3 Okt 2022'}, 'pembukaan_dokumen_penawaran': {'mulai': '3 Okt 2022', 'akhir': '3 Okt 2022'}, 'tidak_ada_jadwal': {'mulai': '4 Okt 2022', 'akhir': '18 Okt 2022'}, 'pembuktian_kualifikasi': {'mulai': '18 Okt 2022', 'akhir': '18 Okt 2022'}, 'penetapan_pemenang': {'mulai': '19 Okt 2022', 'akhir': '19 Okt 2022'}, 'pengumuman_pemenang': {'mulai': '19 Okt 2022', 'akhir': '19 Okt 2022'}, 'masa_sanggah_hasil_lelang': {'mulai': '19 Okt 2022', 'akhir': '24 Okt 2022'}, 'surat_penunjukan_penyedia_barangjasa': {'mulai': '25 Okt 2022', 'akhir': '1 Nov 2022'}, 'penandatanganan_kontrak': {'mulai': '26 Okt 2022', 'akhir': '9 Nov 2022'}}|||{'nama_tender': 'Peningkatan/Rehabilitasi Jalan Desa Paket 1', 'nilai_HPS': 'Rp 984.306.011', 'nilai_pagu': 'Rp 995.166.100', 'Instansi': '-', 'kualifikasi_usaha': 'Kecil', 'kategori': 'Pekerjaan Konstruksi', 'metode_tender': '', 'tahun_anggaran': '2022', 'metode_evaluasi': 'Sistem Gugur', 'lokasi_pengerjaan': 'Kecamatan Bantul-Bantul (Kab.)-DI Yogyakarta,Kecamatan Jetis-Bantul (Kab.)-DI Yogyakarta,Kecamatan Jetis-Bantul (Kab.)-DI Yogyakarta,Kecamatan Jetis-Bantul (Kab.)-DI Yogyakarta,Kecamatan Jetis-Bantul (Kab.)-DI Yogyakarta', 'satuan_kerja': None}
-|Pekerjaan Konstruksi|Kecil|Rp 377.710.138|2022|{'pengumuman_pascakualifikasi': {'mulai': '11 Jul 2022', 'akhir': '18 Jul 2022'}, 'download_dokumen_pengadaan': {'mulai': '11 Jul 2022', 'akhir': '18 Jul 2022'}, 'pemberian_penjelasan': {'mulai': '14 Jul 2022', 'akhir': '14 Jul 2022'}, 'upload_dokumen_penawaran': {'mulai': '14 Jul 2022', 'akhir': '18 Jul 2022'}, 'pembukaan_dokumen_penawaran': {'mulai': '18 Jul 2022', 'akhir': '26 Jul 2022'}, 'tidak_ada_jadwal': {'mulai': '18 Jul 2022', 'akhir': '26 Jul 2022'}, 'pembuktian_kualifikasi': {'mulai': '18 Jul 2022', 'akhir': '26 Jul 2022'}, 'penetapan_pemenang': {'mulai': '27 Jul 2022', 'akhir': '27 Jul 2022'}, 'pengumuman_pemenang': {'mulai': '27 Jul 2022', 'akhir': '27 Jul 2022'}, 'masa_sanggah_hasil_lelang': {'mulai': '27 Jul 2022', 'akhir': '1 Agu 2022'}, 'surat_penunjukan_penyedia_barangjasa': {'mulai': '2 Agu 2022', 'akhir': '8 Agu 2022'}, 'penandatanganan_kontrak': {'mulai': '9 Agu 2022', 'akhir': '26 Agu 2022'}}|||{'nama_tender': 'Pemeliharaan Sarana Prasarana Insidentil (Sarana Pertemuan RW 06 Terban)', 'nilai_HPS': 'Rp 377.710.138', 'nilai_pagu': 'Rp 380.000.000', 'Instansi': '-', 'kualifikasi_usaha': 'Kecil', 'kategori': 'Pekerjaan Konstruksi', 'metode_tender': '', 'tahun_anggaran': '2022', 'metode_evaluasi': 'Sistem Gugur', 'lokasi_pengerjaan': 'Kota Yogyakarta-Yogyakarta (Kota)-DI Yogyakarta', 'satuan_kerja': None}
-|Pengadaan Barang|Kecil|Rp 883.927.965|2022|{'pengumuman_pascakualifikasi': {'mulai': None, 'akhir': None}, 'download_dokumen_pengadaan': {'mulai': None, 'akhir': None}, 'pemberian_penjelasan': {'mulai': '27 Jul 2022', 'akhir': '27 Jul 2022'}, 'upload_dokumen_penawaran': {'mulai': '27 Jul 2022', 'akhir': '29 Jul 2022'}, 'pembukaan_dokumen_penawaran': {'mulai': None, 'akhir': None}, 'tidak_ada_jadwal': {'mulai': None, 'akhir': None}, 'pembuktian_kualifikasi': {'mulai': None, 'akhir': None}, 'penetapan_pemenang': {'mulai': None, 'akhir': None}, 'pengumuman_pemenang': {'mulai': None, 'akhir': None}, 'masa_sanggah_hasil_lelang': {'mulai': None, 'akhir': None}, 'surat_penunjukan_penyedia_barangjasa': {'mulai': None, 'akhir': None}, 'penandatanganan_kontrak': {'mulai': None, 'akhir': None}}|||{'nama_tender': 'Pembelian Obat Non Katalog', 'nilai_HPS': 'Rp 883.927.965', 'nilai_pagu': 'Rp 884.181.932', 'Instansi': '-', 'kualifikasi_usaha': 'Kecil', 'kategori': 'Pengadaan Barang', 'metode_tender': '', 'tahun_anggaran': '2022', 'metode_evaluasi': 'Sistem Gugur', 'lokasi_pengerjaan': 'Umbulharjo-Yogyakarta (Kota)-DI Yogyakarta', 'satuan_kerja': None}
-|Pengadaan Barang|Kecil|Rp 883.927.965|2022|{'pengumuman_pascakualifikasi': {'mulai': None, 'akhir': None}, 'download_dokumen_pengadaan': {'mulai': None, 'akhir': None}, 'pemberian_penjelasan': {'mulai': '5 Agu 2022', 'akhir': '5 Agu 2022'}, 'upload_dokumen_penawaran': {'mulai': '5 Agu 2022', 'akhir': '8 Agu 2022'}, 'pembukaan_dokumen_penawaran': {'mulai': None, 'akhir': None}, 'tidak_ada_jadwal': {'mulai': None, 'akhir': None}, 'pembuktian_kualifikasi': {'mulai': None, 'akhir': None}, 'penetapan_pemenang': {'mulai': None, 'akhir': None}, 'pengumuman_pemenang': {'mulai': None, 'akhir': None}, 'masa_sanggah_hasil_lelang': {'mulai': None, 'akhir': None}, 'surat_penunjukan_penyedia_barangjasa': {'mulai': None, 'akhir': None}, 'penandatanganan_kontrak': {'mulai': None, 'akhir': None}}|||{'nama_tender': 'Pembelian Obat Non Katalog', 'nilai_HPS': 'Rp 883.927.965', 'nilai_pagu': 'Rp 884.181.932', 'Instansi': '-', 'kualifikasi_usaha': 'Kecil', 'kategori': 'Pengadaan Barang', 'metode_tender': '', 'tahun_anggaran': '2022', 'metode_evaluasi': 'Sistem Gugur', 'lokasi_pengerjaan': 'Umbulharjo-Yogyakarta (Kota)-DI Yogyakarta', 'satuan_kerja': None}
-|Pekerjaan Konstruksi|Kecil|Rp 245.167.387|2022|{'pengumuman_pascakualifikasi': {'mulai': '20 Sep 2022', 'akhir': '27 Sep 2022'}, 'download_dokumen_pengadaan': {'mulai': '20 Sep 2022', 'akhir': '27 Sep 2022'}, 'pemberian_penjelasan': {'mulai': '23 Sep 2022', 'akhir': '23 Sep 2022'}, 'upload_dokumen_penawaran': {'mulai': '23 Sep 2022', 'akhir': '27 Sep 2022'}, 'pembukaan_dokumen_penawaran': {'mulai': '27 Sep 2022', 'akhir': '30 Sep 2022'}, 'tidak_ada_jadwal': {'mulai': '27 Sep 2022', 'akhir': '30 Sep 2022'}, 'pembuktian_kualifikasi': {'mulai': '27 Sep 2022', 'akhir': '30 Sep 2022'}, 'penetapan_pemenang': {'mulai': '30 Sep 2022', 'akhir': '30 Sep 2022'}, 'pengumuman_pemenang': {'mulai': '30 Sep 2022', 'akhir': '30 Sep 2022'}, 'masa_sanggah_hasil_lelang': {'mulai': '30 Sep 2022', 'akhir': '5 Okt 2022'}, 'surat_penunjukan_penyedia_barangjasa': {'mulai': '6 Okt 2022', 'akhir': '13 Okt 2022'}, 'penandatanganan_kontrak': {'mulai': '7 Okt 2022', 'akhir': '13 Okt 2022'}}|||{'nama_tender': 'Belanja Modal Bangunan Fasilitas Umum', 'nilai_HPS': 'Rp 245.167.387', 'nilai_pagu': 'Rp 650.000.000', 'Instansi': '-', 'kualifikasi_usaha': 'Kecil', 'kategori': 'Pekerjaan Konstruksi', 'metode_tender': '', 'tahun_anggaran': '2022', 'metode_evaluasi': 'Sistem Gugur', 'lokasi_pengerjaan': 'Yogyakarta-Yogyakarta (Kota)-DI Yogyakarta', 'satuan_kerja': None}
-|Pekerjaan Konstruksi|Kecil|Rp 799.977.941|2022|{'pengumuman_pascakualifikasi': {'mulai': '30 Sep 2022', 'akhir': '7 Okt 2022'}, 'download_dokumen_pengadaan': {'mulai': '30 Sep 2022', 'akhir': '7 Okt 2022'}, 'pemberian_penjelasan': {'mulai': '3 Okt 2022', 'akhir': '3 Okt 2022'}, 'upload_dokumen_penawaran': {'mulai': '3 Okt 2022', 'akhir': '7 Okt 2022'}, 'pembukaan_dokumen_penawaran': {'mulai': '7 Okt 2022', 'akhir': '12 Okt 2022'}, 'tidak_ada_jadwal': {'mulai': '7 Okt 2022', 'akhir': '12 Okt 2022'}, 'pembuktian_kualifikasi': {'mulai': '7 Okt 2022', 'akhir': '12 Okt 2022'}, 'penetapan_pemenang': {'mulai': '13 Okt 2022', 'akhir': '13 Okt 2022'}, 'pengumuman_pemenang': {'mulai': '13 Okt 2022', 'akhir': '13 Okt 2022'}, 'masa_sanggah_hasil_lelang': {'mulai': '13 Okt 2022', 'akhir': '18 Okt 2022'}, 'surat_penunjukan_penyedia_barangjasa': {'mulai': '19 Okt 2022', 'akhir': '25 Okt 2022'}, 'penandatanganan_kontrak': {'mulai': '20 Okt 2022', 'akhir': '28 Okt 2022'}}|||{'nama_tender': 'Pemeliharaan Berkala Jalan Prof.Dr. Amri Yahya', 'nilai_HPS': 'Rp 799.977.941', 'nilai_pagu': 'Rp 800.000.000', 'Instansi': '-', 'kualifikasi_usaha': 'Kecil', 'kategori': 'Pekerjaan Konstruksi', 'metode_tender': '', 'tahun_anggaran': '2022', 'metode_evaluasi': 'Sistem Gugur', 'lokasi_pengerjaan': 'Jl. Prof. Dr. Amri Yahya-Yogyakarta (Kota)-DI Yogyakarta', 'satuan_kerja': None}
-|Jasa Lainnya|Non Kecil|Rp 323.821.000|2022|{'pengumuman_pascakualifikasi': {'mulai': None, 'akhir': None}, 'download_dokumen_pengadaan': {'mulai': None, 'akhir': None}, 'pemberian_penjelasan': {'mulai': '22 Sep 2022', 'akhir': '22 Sep 2022'}, 'upload_dokumen_penawaran': {'mulai': '23 Sep 2022', 'akhir': '26 Sep 2022'}, 'pembukaan_dokumen_penawaran': {'mulai': None, 'akhir': None}, 'tidak_ada_jadwal': {'mulai': None, 'akhir': None}, 'pembuktian_kualifikasi': {'mulai': None, 'akhir': None}, 'penetapan_pemenang': {'mulai': None, 'akhir': None}, 'pengumuman_pemenang': {'mulai': None, 'akhir': None}, 'masa_sanggah_hasil_lelang': {'mulai': None, 'akhir': None}, 'surat_penunjukan_penyedia_barangjasa': {'mulai': None, 'akhir': None}, 'penandatanganan_kontrak': {'mulai': None, 'akhir': None}}|||{'nama_tender': 'Belanja Asuransi Barang Milik Daerah, Asuransi Bangunan Kesehatan', 'nilai_HPS': 'Rp 323.821.000', 'nilai_pagu': 'Rp 350.000.000', 'Instansi': '-', 'kualifikasi_usaha': 'Non Kecil', 'kategori': 'Jasa Lainnya', 'metode_tender': '', 'tahun_anggaran': '2022', 'metode_evaluasi': 'Sistem Gugur', 'lokasi_pengerjaan': 'Kemantren Umbulharjo-Yogyakarta (Kota)-DI Yogyakarta', 'satuan_kerja': None}
-|Pekerjaan Konstruksi|Kecil|Rp 1.123.192.045|2022|{'pengumuman_pascakualifikasi': {'mulai': '26 Sep 2022', 'akhir': '3 Okt 2022'}, 'download_dokumen_pengadaan': {'mulai': '26 Sep 2022', 'akhir': '7 Okt 2022'}, 'pemberian_penjelasan': {'mulai': '3 Okt 2022', 'akhir': '3 Okt 2022'}, 'upload_dokumen_penawaran': {'mulai': '3 Okt 2022', 'akhir': '7 Okt 2022'}, 'pembukaan_dokumen_penawaran': {'mulai': '7 Okt 2022', 'akhir': '12 Okt 2022'}, 'tidak_ada_jadwal': {'mulai': '7 Okt 2022', 'akhir': '12 Okt 2022'}, 'pembuktian_kualifikasi': {'mulai': '11 Okt 2022', 'akhir': '12 Okt 2022'}, 'penetapan_pemenang': {'mulai': '12 Okt 2022', 'akhir': '12 Okt 2022'}, 'pengumuman_pemenang': {'mulai': '12 Okt 2022', 'akhir': '12 Okt 2022'}, 'masa_sanggah_hasil_lelang': {'mulai': '12 Okt 2022', 'akhir': '17 Okt 2022'}, 'surat_penunjukan_penyedia_barangjasa': {'mulai': '18 Okt 2022', 'akhir': '21 Okt 2022'}, 'penandatanganan_kontrak': {'mulai': '19 Okt 2022', 'akhir': '24 Okt 2022'}}|||{'nama_tender': 'Konstruksi Pembangunan lapangan olahraga dan taman beserta fasilitas pendukungnya di Kapanewon Tempel', 'nilai_HPS': 'Rp 1.123.192.045', 'nilai_pagu': 'Rp 1.123.200.400', 'Instansi': '-', 'kualifikasi_usaha': 'Kecil', 'kategori': 'Pekerjaan Konstruksi', 'metode_tender': '', 'tahun_anggaran': '2022', 'metode_evaluasi': 'Sistem Gugur', 'lokasi_pengerjaan': 'Kabupaten Sleman-Sleman (Kab.)-DI Yogyakarta', 'satuan_kerja': None}
-|Pengadaan Barang|Kecil|Rp 658.961.709|2022|{'pengumuman_pascakualifikasi': {'mulai': '27 Sep 2022', 'akhir': '4 Okt 2022'}, 'download_dokumen_pengadaan': {'mulai': '27 Sep 2022', 'akhir': '4 Okt 2022'}, 'pemberian_penjelasan': {'mulai': '29 Sep 2022', 'akhir': '29 Sep 2022'}, 'upload_dokumen_penawaran': {'mulai': '29 Sep 2022', 'akhir': '4 Okt 2022'}, 'pembukaan_dokumen_penawaran': {'mulai': '4 Okt 2022', 'akhir': '5 Okt 2022'}, 'tidak_ada_jadwal': {'mulai': '4 Okt 2022', 'akhir': '5 Okt 2022'}, 'pembuktian_kualifikasi': {'mulai': '4 Okt 2022', 'akhir': '5 Okt 2022'}, 'penetapan_pemenang': {'mulai': '5 Okt 2022', 'akhir': '5 Okt 2022'}, 'pengumuman_pemenang': {'mulai': '5 Okt 2022', 'akhir': '5 Okt 2022'}, 'masa_sanggah_hasil_lelang': {'mulai': '5 Okt 2022', 'akhir': '10 Okt 2022'}, 'surat_penunjukan_penyedia_barangjasa': {'mulai': '10 Okt 2022', 'akhir': '13 Okt 2022'}, 'penandatanganan_kontrak': {'mulai': '10 Okt 2022', 'akhir': '24 Okt 2022'}}|||{'nama_tender': 'Pengadaan Bahan Laboratorium Non E-Katalog', 'nilai_HPS': 'Rp 658.961.709', 'nilai_pagu': 'Rp 659.000.000', 'Instansi': '-', 'kualifikasi_usaha': 'Kecil', 'kategori': 'Pengadaan Barang', 'metode_tender': '', 'tahun_anggaran': '2022', 'metode_evaluasi': 'Sistem Gugur', 'lokasi_pengerjaan': 'Kabupaten Sleman-Sleman (Kab.)-DI Yogyakarta', 'satuan_kerja': None}
-|Pekerjaan Konstruksi|Kecil|Rp 1.880.958.249|2022|{'pengumuman_pascakualifikasi': {'mulai': '28 Sep 2022', 'akhir': '5 Okt 2022'}, 'download_dokumen_pengadaan': {'mulai': '28 Sep 2022', 'akhir': '5 Okt 2022'}, 'pemberian_penjelasan': {'mulai': '30 Sep 2022', 'akhir': '30 Sep 2022'}, 'upload_dokumen_penawaran': {'mulai': '30 Sep 2022', 'akhir': '5 Okt 2022'}, 'pembukaan_dokumen_penawaran': {'mulai': '5 Okt 2022', 'akhir': '12 Okt 2022'}, 'tidak_ada_jadwal': {'mulai': '5 Okt 2022', 'akhir': '12 Okt 2022'}, 'pembuktian_kualifikasi': {'mulai': '6 Okt 2022', 'akhir': '12 Okt 2022'}, 'penetapan_pemenang': {'mulai': '12 Okt 2022', 'akhir': '12 Okt 2022'}, 'pengumuman_pemenang': {'mulai': '12 Okt 2022', 'akhir': '12 Okt 2022'}, 'masa_sanggah_hasil_lelang': {'mulai': '12 Okt 2022', 'akhir': '18 Okt 2022'}, 'surat_penunjukan_penyedia_barangjasa': {'mulai': '18 Okt 2022', 'akhir': '21 Okt 2022'}, 'penandatanganan_kontrak': {'mulai': '19 Okt 2022', 'akhir': '4 Nov 2022'}}|||{'nama_tender': 'Pembangunan Jalan Desa KSCT Paket 5: Depok', 'nilai_HPS': 'Rp 1.880.958.249', 'nilai_pagu': 'Rp 1.880.961.480', 'Instansi': '-', 'kualifikasi_usaha': 'Kecil', 'kategori': 'Pekerjaan Konstruksi', 'metode_tender': '', 'tahun_anggaran': '2022', 'metode_evaluasi': 'Sistem Gugur', 'lokasi_pengerjaan': 'Kabupaten Sleman-Sleman (Kab.)-DI Yogyakarta', 'satuan_kerja': None}
-|Pekerjaan Konstruksi|Kecil|Rp 2.287.654.828|2022|{'pengumuman_pascakualifikasi': {'mulai': '28 Sep 2022', 'akhir': '5 Okt 2022'}, 'download_dokumen_pengadaan': {'mulai': '28 Sep 2022', 'akhir': '5 Okt 2022'}, 'pemberian_penjelasan': {'mulai': '30 Sep 2022', 'akhir': '30 Sep 2022'}, 'upload_dokumen_penawaran': {'mulai': '30 Sep 2022', 'akhir': '5 Okt 2022'}, 'pembukaan_dokumen_penawaran': {'mulai': '5 Okt 2022', 'akhir': '12 Okt 2022'}, 'tidak_ada_jadwal': {'mulai': '5 Okt 2022', 'akhir': '12 Okt 2022'}, 'pembuktian_kualifikasi': {'mulai': '6 Okt 2022', 'akhir': '12 Okt 2022'}, 'penetapan_pemenang': {'mulai': '12 Okt 2022', 'akhir': '12 Okt 2022'}, 'pengumuman_pemenang': {'mulai': '12 Okt 2022', 'akhir': '12 Okt 2022'}, 'masa_sanggah_hasil_lelang': {'mulai': '12 Okt 2022', 'akhir': '18 Okt 2022'}, 'surat_penunjukan_penyedia_barangjasa': {'mulai': '18 Okt 2022', 'akhir': '21 Okt 2022'}, 'penandatanganan_kontrak': {'mulai': '19 Okt 2022', 'akhir': '4 Nov 2022'}}|||{'nama_tender': 'Pembangunan Jalan Desa KSCT Paket 2: Mlati, Ngemplak', 'nilai_HPS': 'Rp 2.287.654.828', 'nilai_pagu': 'Rp 2.287.666.000', 'Instansi': '-', 'kualifikasi_usaha': 'Kecil', 'kategori': 'Pekerjaan Konstruksi', 'metode_tender': '', 'tahun_anggaran': '2022', 'metode_evaluasi': 'Sistem Gugur', 'lokasi_pengerjaan': 'Kabupaten Sleman-Sleman (Kab.)-DI Yogyakarta', 'satuan_kerja': None}
-|Pekerjaan Konstruksi|Kecil|Rp 1.269.640.220|2022|{'pengumuman_pascakualifikasi': {'mulai': '28 Sep 2022', 'akhir': '5 Okt 2022'}, 'download_dokumen_pengadaan': {'mulai': '28 Sep 2022', 'akhir': '5 Okt 2022'}, 'pemberian_penjelasan': {'mulai': '30 Sep 2022', 'akhir': '30 Sep 2022'}, 'upload_dokumen_penawaran': {'mulai': '30 Sep 2022', 'akhir': '5 Okt 2022'}, 'pembukaan_dokumen_penawaran': {'mulai': '5 Okt 2022', 'akhir': '12 Okt 2022'}, 'tidak_ada_jadwal': {'mulai': '5 Okt 2022', 'akhir': '12 Okt 2022'}, 'pembuktian_kualifikasi': {'mulai': '6 Okt 2022', 'akhir': '12 Okt 2022'}, 'penetapan_pemenang': {'mulai': '12 Okt 2022', 'akhir': '12 Okt 2022'}, 'pengumuman_pemenang': {'mulai': '12 Okt 2022', 'akhir': '12 Okt 2022'}, 'masa_sanggah_hasil_lelang': {'mulai': '12 Okt 2022', 'akhir': '18 Okt 2022'}, 'surat_penunjukan_penyedia_barangjasa': {'mulai': '18 Okt 2022', 'akhir': '21 Okt 2022'}, 'penandatanganan_kontrak': {'mulai': '19 Okt 2022', 'akhir': '4 Nov 2022'}}|||{'nama_tender': 'Pembangunan Jalan Desa KSCT Paket 8: Minggir, Moyudan', 'nilai_HPS': 'Rp 1.269.640.220', 'nilai_pagu': 'Rp 1.269.642.500', 'Instansi': '-', 'kualifikasi_usaha': 'Kecil', 'kategori': 'Pekerjaan Konstruksi', 'metode_tender': '', 'tahun_anggaran': '2022', 'metode_evaluasi': 'Sistem Gugur', 'lokasi_pengerjaan': 'Kabupaten Sleman-Sleman (Kab.)-DI Yogyakarta', 'satuan_kerja': None}
-|Pekerjaan Konstruksi|Kecil|Rp 2.355.476.209|2022|{'pengumuman_pascakualifikasi': {'mulai': '28 Sep 2022', 'akhir': '5 Okt 2022'}, 'download_dokumen_pengadaan': {'mulai': '28 Sep 2022', 'akhir': '5 Okt 2022'}, 'pemberian_penjelasan': {'mulai': '30 Sep 2022', 'akhir': '30 Sep 2022'}, 'upload_dokumen_penawaran': {'mulai': '30 Sep 2022', 'akhir': '5 Okt 2022'}, 'pembukaan_dokumen_penawaran': {'mulai': '5 Okt 2022', 'akhir': '12 Okt 2022'}, 'tidak_ada_jadwal': {'mulai': '5 Okt 2022', 'akhir': '12 Okt 2022'}, 'pembuktian_kualifikasi': {'mulai': '6 Okt 2022', 'akhir': '12 Okt 2022'}, 'penetapan_pemenang': {'mulai': '12 Okt 2022', 'akhir': '12 Okt 2022'}, 'pengumuman_pemenang': {'mulai': '12 Okt 2022', 'akhir': '12 Okt 2022'}, 'masa_sanggah_hasil_lelang': {'mulai': '12 Okt 2022', 'akhir': '18 Okt 2022'}, 'surat_penunjukan_penyedia_barangjasa': {'mulai': '18 Okt 2022', 'akhir': '21 Okt 2022'}, 'penandatanganan_kontrak': {'mulai': '19 Okt 2022', 'akhir': '4 Nov 2022'}}|||{'nama_tender': 'Pembangunan Jalan Desa KSCT Paket 1: Gamping, Godean', 'nilai_HPS': 'Rp 2.355.476.209', 'nilai_pagu': 'Rp 2.505.676.800', 'Instansi': '-', 'kualifikasi_usaha': 'Kecil', 'kategori': 'Pekerjaan Konstruksi', 'metode_tender': '', 'tahun_anggaran': '2022', 'metode_evaluasi': 'Sistem Gugur', 'lokasi_pengerjaan': 'Kabupaten Sleman-Sleman (Kab.)-DI Yogyakarta', 'satuan_kerja': None}
-|Pekerjaan Konstruksi|Kecil|Rp 2.213.900.447|2022|{'pengumuman_pascakualifikasi': {'mulai': '28 Sep 2022', 'akhir': '5 Okt 2022'}, 'download_dokumen_pengadaan': {'mulai': '28 Sep 2022', 'akhir': '5 Okt 2022'}, 'pemberian_penjelasan': {'mulai': '30 Sep 2022', 'akhir': '30 Sep 2022'}, 'upload_dokumen_penawaran': {'mulai': '30 Sep 2022', 'akhir': '5 Okt 2022'}, 'pembukaan_dokumen_penawaran': {'mulai': '5 Okt 2022', 'akhir': '12 Okt 2022'}, 'tidak_ada_jadwal': {'mulai': '5 Okt 2022', 'akhir': '12 Okt 2022'}, 'pembuktian_kualifikasi': {'mulai': '6 Okt 2022', 'akhir': '12 Okt 2022'}, 'penetapan_pemenang': {'mulai': '12 Okt 2022', 'akhir': '12 Okt 2022'}, 'pengumuman_pemenang': {'mulai': '12 Okt 2022', 'akhir': '12 Okt 2022'}, 'masa_sanggah_hasil_lelang': {'mulai': '12 Okt 2022', 'akhir': '18 Okt 2022'}, 'surat_penunjukan_penyedia_barangjasa': {'mulai': '18 Okt 2022', 'akhir': '21 Okt 2022'}, 'penandatanganan_kontrak': {'mulai': '19 Okt 2022', 'akhir': '4 Nov 2022'}}|||{'nama_tender': 'Pembangunan Jalan Desa KSCT Paket 3: Tempel, Turi', 'nilai_HPS': 'Rp 2.213.900.447', 'nilai_pagu': 'Rp 2.213.908.465', 'Instansi': '-', 'kualifikasi_usaha': 'Kecil', 'kategori': 'Pekerjaan Konstruksi', 'metode_tender': '', 'tahun_anggaran': '2022', 'metode_evaluasi': 'Sistem Gugur', 'lokasi_pengerjaan': 'Kabupaten Sleman-Sleman (Kab.)-DI Yogyakarta', 'satuan_kerja': None}
-|Pekerjaan Konstruksi|Kecil|Rp 1.570.911.728|2022|{'pengumuman_pascakualifikasi': {'mulai': '28 Sep 2022', 'akhir': '5 Okt 2022'}, 'download_dokumen_pengadaan': {'mulai': '28 Sep 2022', 'akhir': '5 Okt 2022'}, 'pemberian_penjelasan': {'mulai': '30 Sep 2022', 'akhir': '30 Sep 2022'}, 'upload_dokumen_penawaran': {'mulai': '30 Sep 2022', 'akhir': '5 Okt 2022'}, 'pembukaan_dokumen_penawaran': {'mulai': '5 Okt 2022', 'akhir': '12 Okt 2022'}, 'tidak_ada_jadwal': {'mulai': '5 Okt 2022', 'akhir': '12 Okt 2022'}, 'pembuktian_kualifikasi': {'mulai': '6 Okt 2022', 'akhir': '12 Okt 2022'}, 'penetapan_pemenang': {'mulai': '12 Okt 2022', 'akhir': '12 Okt 2022'}, 'pengumuman_pemenang': {'mulai': '12 Okt 2022', 'akhir': '12 Okt 2022'}, 'masa_sanggah_hasil_lelang': {'mulai': '12 Okt 2022', 'akhir': '18 Okt 2022'}, 'surat_penunjukan_penyedia_barangjasa': {'mulai': '18 Okt 2022', 'akhir': '21 Okt 2022'}, 'penandatanganan_kontrak': {'mulai': '19 Okt 2022', 'akhir': '4 Nov 2022'}}|||{'nama_tender': 'Pembangunan Jalan Desa KSCT Paket 6: Kalasan, Prambanan', 'nilai_HPS': 'Rp 1.570.911.728', 'nilai_pagu': 'Rp 1.570.925.000', 'Instansi': '-', 'kualifikasi_usaha': 'Kecil', 'kategori': 'Pekerjaan Konstruksi', 'metode_tender': '', 'tahun_anggaran': '2022', 'metode_evaluasi': 'Sistem Gugur', 'lokasi_pengerjaan': 'Kabupaten Sleman-Sleman (Kab.)-DI Yogyakarta', 'satuan_kerja': None}
-|Pengadaan Barang|Kecil|Rp 389.784.000|2022|{'pengumuman_pascakualifikasi': {'mulai': '2 Sep 2022', 'akhir': '7 Sep 2022'}, 'download_dokumen_pengadaan': {'mulai': '2 Sep 2022', 'akhir': '9 Sep 2022'}, 'pemberian_penjelasan': {'mulai': '5 Sep 2022', 'akhir': '5 Sep 2022'}, 'upload_dokumen_penawaran': {'mulai': '5 Sep 2022', 'akhir': '9 Sep 2022'}, 'pembukaan_dokumen_penawaran': {'mulai': '9 Sep 2022', 'akhir': '13 Sep 2022'}, 'tidak_ada_jadwal': {'mulai': '9 Sep 2022', 'akhir': '13 Sep 2022'}, 'pembuktian_kualifikasi': {'mulai': '14 Sep 2022', 'akhir': '14 Sep 2022'}, 'penetapan_pemenang': {'mulai': '15 Sep 2022', 'akhir': '15 Sep 2022'}, 'pengumuman_pemenang': {'mulai': '15 Sep 2022', 'akhir': '15 Sep 2022'}, 'masa_sanggah_hasil_lelang': {'mulai': '16 Sep 2022', 'akhir': '20 Sep 2022'}, 'surat_penunjukan_penyedia_barangjasa': {'mulai': '21 Sep 2022', 'akhir': '23 Sep 2022'}, 'penandatanganan_kontrak': {'mulai': '26 Sep 2022', 'akhir': '29 Sep 2022'}}|||{'nama_tender': 'Belanja Bahan-Bahan Kimia Berupa Pupuk Kandang Penanaman Kayu Putih (PRH BKPH)', 'nilai_HPS': 'Rp 389.784.000', 'nilai_pagu': 'Rp 519.712.000', 'Instansi': '-', 'kualifikasi_usaha': 'Kecil', 'kategori': 'Pengadaan Barang', 'metode_tender': '', 'tahun_anggaran': '2022', 'metode_evaluasi': 'Sistem Gugur', 'lokasi_pengerjaan': 'RPH Kepek, Kemuning, Wonolagi, Gubugrubuh, Menggoran, Kedungwanglu, Mulo, Grogol, Bibal, Pucanganom, Gebang, Kenet, Nglipar, Gelaran, dan Candi. (rincian lokasi titik bagi mengacu KAK)-Gunung Kidul (Kab.)-DI Yogyakarta', 'satuan_kerja': None}
-|Pekerjaan Konstruksi|Kecil|Rp 1.566.540.035|2022|{'pengumuman_pascakualifikasi': {'mulai': '28 Sep 2022', 'akhir': '5 Okt 2022'}, 'download_dokumen_pengadaan': {'mulai': '28 Sep 2022', 'akhir': '5 Okt 2022'}, 'pemberian_penjelasan': {'mulai': '30 Sep 2022', 'akhir': '30 Sep 2022'}, 'upload_dokumen_penawaran': {'mulai': '30 Sep 2022', 'akhir': '5 Okt 2022'}, 'pembukaan_dokumen_penawaran': {'mulai': '5 Okt 2022', 'akhir': '12 Okt 2022'}, 'tidak_ada_jadwal': {'mulai': '5 Okt 2022', 'akhir': '12 Okt 2022'}, 'pembuktian_kualifikasi': {'mulai': '6 Okt 2022', 'akhir': '12 Okt 2022'}, 'penetapan_pemenang': {'mulai': '12 Okt 2022', 'akhir': '12 Okt 2022'}, 'pengumuman_pemenang': {'mulai': '12 Okt 2022', 'akhir': '12 Okt 2022'}, 'masa_sanggah_hasil_lelang': {'mulai': '12 Okt 2022', 'akhir': '18 Okt 2022'}, 'surat_penunjukan_penyedia_barangjasa': {'mulai': '18 Okt 2022', 'akhir': '21 Okt 2022'}, 'penandatanganan_kontrak': {'mulai': '19 Okt 2022', 'akhir': '4 Nov 2022'}}|||{'nama_tender': 'Pembangunan Jalan Desa KSCT Paket 4: Cangkringan, Pakem', 'nilai_HPS': 'Rp 1.566.540.035', 'nilai_pagu': 'Rp 1.566.540.775', 'Instansi': '-', 'kualifikasi_usaha': 'Kecil', 'kategori': 'Pekerjaan Konstruksi', 'metode_tender': '', 'tahun_anggaran': '2022', 'metode_evaluasi': 'Sistem Gugur', 'lokasi_pengerjaan': 'Kabupaten Sleman-Sleman (Kab.)-DI Yogyakarta', 'satuan_kerja': None}
-|Pengadaan Barang|Kecil|Rp 1.110.058.846|2022|{'pengumuman_pascakualifikasi': {'mulai': '2 Sep 2022', 'akhir': '7 Sep 2022'}, 'download_dokumen_pengadaan': {'mulai': '2 Sep 2022', 'akhir': '9 Sep 2022'}, 'pemberian_penjelasan': {'mulai': '5 Sep 2022', 'akhir': '5 Sep 2022'}, 'upload_dokumen_penawaran': {'mulai': '5 Sep 2022', 'akhir': '9 Sep 2022'}, 'pembukaan_dokumen_penawaran': {'mulai': '9 Sep 2022', 'akhir': '13 Sep 2022'}, 'tidak_ada_jadwal': {'mulai': '9 Sep 2022', 'akhir': '13 Sep 2022'}, 'pembuktian_kualifikasi': {'mulai': '14 Sep 2022', 'akhir': '14 Sep 2022'}, 'penetapan_pemenang': {'mulai': '14 Sep 2022', 'akhir': '14 Sep 2022'}, 'pengumuman_pemenang': {'mulai': '14 Sep 2022', 'akhir': '18 Sep 2022'}, 'masa_sanggah_hasil_lelang': {'mulai': '19 Sep 2022', 'akhir': '26 Sep 2022'}, 'surat_penunjukan_penyedia_barangjasa': {'mulai': '29 Sep 2022', 'akhir': '5 Okt 2022'}, 'penandatanganan_kontrak': {'mulai': '6 Okt 2022', 'akhir': '14 Okt 2022'}}|||{'nama_tender': 'Belanja Hibah Barang kepada Badan dan Lembaga Nirlaba, Sukarela Bersifat Sosial Kemasyarakatan (Pengembangan Ternak Domba) Tahun Anggaran 2022', 'nilai_HPS': 'Rp 1.110.058.846', 'nilai_pagu': 'Rp 1.110.200.000', 'Instansi': '-', 'kualifikasi_usaha': 'Kecil', 'kategori': 'Pengadaan Barang', 'metode_tender': '', 'tahun_anggaran': '2022', 'metode_evaluasi': 'Sistem Gugur', 'lokasi_pengerjaan': 'DIY-Yogyakarta (Kota)-DI Yogyakarta', 'satuan_kerja': None}
-|Pengadaan Barang|Kecil|Rp 1.847.776.392|2022|{'pengumuman_pascakualifikasi': {'mulai': '2 Sep 2022', 'akhir': '7 Sep 2022'}, 'download_dokumen_pengadaan': {'mulai': '2 Sep 2022', 'akhir': '9 Sep 2022'}, 'pemberian_penjelasan': {'mulai': '5 Sep 2022', 'akhir': '5 Sep 2022'}, 'upload_dokumen_penawaran': {'mulai': '5 Sep 2022', 'akhir': '9 Sep 2022'}, 'pembukaan_dokumen_penawaran': {'mulai': '9 Sep 2022', 'akhir': '13 Sep 2022'}, 'tidak_ada_jadwal': {'mulai': '9 Sep 2022', 'akhir': '13 Sep 2022'}, 'pembuktian_kualifikasi': {'mulai': '12 Sep 2022', 'akhir': '15 Sep 2022'}, 'penetapan_pemenang': {'mulai': '16 Sep 2022', 'akhir': '19 Sep 2022'}, 'pengumuman_pemenang': {'mulai': '19 Sep 2022', 'akhir': '19 Sep 2022'}, 'masa_sanggah_hasil_lelang': {'mulai': '20 Sep 2022', 'akhir': '26 Sep 2022'}, 'surat_penunjukan_penyedia_barangjasa': {'mulai': '29 Sep 2022', 'akhir': '3 Okt 2022'}, 'penandatanganan_kontrak': {'mulai': '3 Okt 2022', 'akhir': '17 Okt 2022'}}|||{'nama_tender': 'Belanja Hibah Barang kepada Badan dan Lembaga Nirlaba, Sukarela Bersifat Sosial Kemasyarakatan (Pengembangan Ternak Kambing Bligon) Tahun Anggaran 2022', 'nilai_HPS': 'Rp 1.847.776.392', 'nilai_pagu': 'Rp 1.848.000.000', 'Instansi': '-', 'kualifikasi_usaha': 'Kecil', 'kategori': 'Pengadaan Barang', 'metode_tender': '', 'tahun_anggaran': '2022', 'metode_evaluasi': 'Sistem Gugur', 'lokasi_pengerjaan': 'DIY-Yogyakarta (Kota)-DI Yogyakarta', 'satuan_kerja': None}
-|Pekerjaan Konstruksi|Kecil|Rp 465.857.398|2022|{'pengumuman_pascakualifikasi': {'mulai': '5 Sep 2022', 'akhir': '10 Sep 2022'}, 'download_dokumen_pengadaan': {'mulai': '5 Sep 2022', 'akhir': '12 Sep 2022'}, 'pemberian_penjelasan': {'mulai': '8 Sep 2022', 'akhir': '8 Sep 2022'}, 'upload_dokumen_penawaran': {'mulai': '8 Sep 2022', 'akhir': '12 Sep 2022'}, 'pembukaan_dokumen_penawaran': {'mulai': '12 Sep 2022', 'akhir': '12 Sep 2022'}, 'tidak_ada_jadwal': {'mulai': '13 Sep 2022', 'akhir': '14 Sep 2022'}, 'pembuktian_kualifikasi': {'mulai': '15 Sep 2022', 'akhir': '15 Sep 2022'}, 'penetapan_pemenang': {'mulai': '15 Sep 2022', 'akhir': '15 Sep 2022'}, 'pengumuman_pemenang': {'mulai': '15 Sep 2022', 'akhir': '15 Sep 2022'}, 'masa_sanggah_hasil_lelang': {'mulai': '16 Sep 2022', 'akhir': '21 Sep 2022'}, 'surat_penunjukan_penyedia_barangjasa': {'mulai': '22 Sep 2022', 'akhir': '23 Sep 2022'}, 'penandatanganan_kontrak': {'mulai': '26 Sep 2022', 'akhir': '30 Sep 2022'}}|||{'nama_tender': 'Belanja Modal Bangunan Gedung Tempat Pendidikan (Pembuatan cor beton trap tempat duduk SMKN 2 Kasihan) Subkegiatan Sarana dan Prasarana Pendidikan Urusan Keistimewaan', 'nilai_HPS': 'Rp 465.857.398', 'nilai_pagu': 'Rp 465.893.522', 'Instansi': '-', 'kualifikasi_usaha': 'Kecil', 'kategori': 'Pekerjaan Konstruksi', 'metode_tender': '', 'tahun_anggaran': '2022', 'metode_evaluasi': 'Sistem Gugur', 'lokasi_pengerjaan': 'SMKN 2 Kasihan-Bantul (Kab.)-DI Yogyakarta', 'satuan_kerja': None}
-|Pengadaan Barang|Kecil|Rp 264.450.870|2022|{'pengumuman_pascakualifikasi': {'mulai': '8 Sep 2022', 'akhir': '14 Sep 2022'}, 'download_dokumen_pengadaan': {'mulai': '8 Sep 2022', 'akhir': '19 Sep 2022'}, 'pemberian_penjelasan': {'mulai': '12 Sep 2022', 'akhir': '12 Sep 2022'}, 'upload_dokumen_penawaran': {'mulai': '12 Sep 2022', 'akhir': '19 Sep 2022'}, 'pembukaan_dokumen_penawaran': {'mulai': '19 Sep 2022', 'akhir': '20 Sep 2022'}, 'tidak_ada_jadwal': {'mulai': '19 Sep 2022', 'akhir': '23 Sep 2022'}, 'pembuktian_kualifikasi': {'mulai': '22 Sep 2022', 'akhir': '23 Sep 2022'}, 'penetapan_pemenang': {'mulai': '23 Sep 2022', 'akhir': '23 Sep 2022'}, 'pengumuman_pemenang': {'mulai': '23 Sep 2022', 'akhir': '23 Sep 2022'}, 'masa_sanggah_hasil_lelang': {'mulai': '24 Sep 2022', 'akhir': '28 Sep 2022'}, 'surat_penunjukan_penyedia_barangjasa': {'mulai': '29 Sep 2022', 'akhir': '3 Okt 2022'}, 'penandatanganan_kontrak': {'mulai': '4 Okt 2022', 'akhir': '11 Okt 2022'}}|||{'nama_tender': 'Belanja Hibah Barang kepada Badan dan Lembaga Nirlaba, Sukarela Bersifat Sosial Kemasyarakatan (Rehab Kakao Produksi Perkebunan)', 'nilai_HPS': 'Rp 264.450.870', 'nilai_pagu': 'Rp 264.728.000', 'Instansi': '-', 'kualifikasi_usaha': 'Kecil', 'kategori': 'Pengadaan Barang', 'metode_tender': '', 'tahun_anggaran': '2022', 'metode_evaluasi': 'Sistem Gugur', 'lokasi_pengerjaan': 'Umbulharjo-Yogyakarta (Kota)-DI Yogyakarta', 'satuan_kerja': None}
-|Pekerjaan Konstruksi|Kecil|Rp 219.466.980|2022|{'pengumuman_pascakualifikasi': {'mulai': '19 Sep 2022', 'akhir': '24 Sep 2022'}, 'download_dokumen_pengadaan': {'mulai': '19 Sep 2022', 'akhir': '26 Sep 2022'}, 'pemberian_penjelasan': {'mulai': '21 Sep 2022', 'akhir': '21 Sep 2022'}, 'upload_dokumen_penawaran': {'mulai': '21 Sep 2022', 'akhir': '27 Sep 2022'}, 'pembukaan_dokumen_penawaran': {'mulai': '27 Sep 2022', 'akhir': '29 Sep 2022'}, 'tidak_ada_jadwal': {'mulai': '27 Sep 2022', 'akhir': '4 Okt 2022'}, 'pembuktian_kualifikasi': {'mulai': '4 Okt 2022', 'akhir': '4 Okt 2022'}, 'penetapan_pemenang': {'mulai': '4 Okt 2022', 'akhir': '4 Okt 2022'}, 'pengumuman_pemenang': {'mulai': '4 Okt 2022', 'akhir': '4 Okt 2022'}, 'masa_sanggah_hasil_lelang': {'mulai': '4 Okt 2022', 'akhir': '10 Okt 2022'}, 'surat_penunjukan_penyedia_barangjasa': {'mulai': '10 Okt 2022', 'akhir': '13 Okt 2022'}, 'penandatanganan_kontrak': {'mulai': '11 Okt 2022', 'akhir': '17 Okt 2022'}}|||{'nama_tender': 'Jasa Konstruksi Pengadaan Instalasi dan SambunganListrik Rumah Tangga di Kabupaten Kulon Progo dan Kabupaten Sleman Tahap 2', 'nilai_HPS': 'Rp 219.466.980', 'nilai_pagu': 'Rp 221.400.000', 'Instansi': '-', 'kualifikasi_usaha': 'Kecil', 'kategori': 'Pekerjaan Konstruksi', 'metode_tender': '', 'tahun_anggaran': '2022', 'metode_evaluasi': 'Sistem Gugur', 'lokasi_pengerjaan': 'Rumah tangga miskin yang listriknya menyalur-Sleman (Kab.)-DI Yogyakarta,Rumah tangga miskin yang listriknya menyalur-Kulon Progo (Kab.)-DI Yogyakarta', 'satuan_kerja': None}
